,3,3,3,3,3
0,141.7,92.8,116.7,104.3,96.7
1,139.2,141.7,92.8,116.7,104.3
2,158.0,139.2,141.7,92.8,116.7
3,110.5,158.0,139.2,141.7,92.8
4,126.5,110.5,158.0,139.2,141.7
5,125.8,126.5,110.5,158.0,139.2
6,264.3,125.8,126.5,110.5,158.0
7,142.0,264.3,125.8,126.5,110.5
8,122.2,142.0,264.3,125.8,126.5
9,126.5,122.2,142.0,264.3,125.8
10,148.7,126.5,122.2,142.0,264.3
11,147.2,148.7,126.5,122.2,142.0
12,150.0,147.2,148.7,126.5,122.2
13,166.7,150.0,147.2,148.7,126.5
14,142.3,166.7,150.0,147.2,148.7
15,171.7,142.3,166.7,150.0,147.2
16,152.0,171.7,142.3,166.7,150.0
17,109.5,152.0,171.7,142.3,166.7
18,105.5,109.5,152.0,171.7,142.3
19,125.7,105.5,109.5,152.0,171.7
20,116.7,125.7,105.5,109.5,152.0
21,72.5,116.7,125.7,105.5,109.5
22,75.5,72.5,116.7,125.7,105.5
23,94.0,75.5,72.5,116.7,125.7
24,101.2,94.0,75.5,72.5,116.7
25,84.5,101.2,94.0,75.5,72.5
26,110.5,84.5,101.2,94.0,75.5
27,99.7,110.5,84.5,101.2,94.0
28,39.2,99.7,110.5,84.5,101.2
29,38.7,39.2,99.7,110.5,84.5
30,47.5,38.7,39.2,99.7,110.5
31,73.3,47.5,38.7,39.2,99.7
32,58.3,73.3,47.5,38.7,39.2
33,83.3,58.3,73.3,47.5,38.7
34,118.3,83.3,58.3,73.3,47.5
35,98.8,118.3,83.3,58.3,73.3
36,99.5,98.8,118.3,83.3,58.3
37,66.0,99.5,98.8,118.3,83.3
38,130.7,66.0,99.5,98.8,118.3
39,48.8,130.7,66.0,99.5,98.8
40,45.2,48.8,130.7,66.0,99.5
41,77.7,45.2,48.8,130.7,66.0
42,62.7,77.7,45.2,48.8,130.7
43,66.7,62.7,77.7,45.2,48.8
44,73.3,66.7,62.7,77.7,45.2
45,53.3,73.3,66.7,62.7,77.7
46,76.2,53.3,73.3,66.7,62.7
47,63.3,76.2,53.3,73.3,66.7
48,60.0,63.3,76.2,53.3,73.3
49,52.8,60.0,63.3,76.2,53.3
50,36.7,52.8,60.0,63.3,76.2
51,65.0,36.7,52.8,60.0,63.3
52,46.7,65.0,36.7,52.8,60.0
53,41.7,46.7,65.0,36.7,52.8
54,33.3,41.7,46.7,65.0,36.7
55,11.2,33.3,41.7,46.7,65.0
56,0.0,11.2,33.3,41.7,46.7
57,5.0,0.0,11.2,33.3,41.7
58,2.8,5.0,0.0,11.2,33.3
59,22.8,2.8,5.0,0.0,11.2
60,34.5,22.8,2.8,5.0,0.0
61,44.5,34.5,22.8,2.8,5.0
62,31.3,44.5,34.5,22.8,2.8
63,20.5,31.3,44.5,34.5,22.8
64,13.7,20.5,31.3,44.5,34.5
65,40.2,13.7,20.5,31.3,44.5
66,22.0,40.2,13.7,20.5,31.3
67,7.0,22.0,40.2,13.7,20.5
68,17.0,7.0,22.0,40.2,13.7
69,18.7,17.0,7.0,22.0,40.2
70,11.3,18.7,17.0,7.0,22.0
71,10.8,11.3,18.7,17.0,7.0
72,0.0,10.8,11.3,18.7,17.0
73,0.0,0.0,10.8,11.3,18.7
74,14.3,0.0,0.0,10.8,11.3
75,5.3,14.3,0.0,0.0,10.8
76,29.7,5.3,14.3,0.0,0.0
77,39.5,29.7,5.3,14.3,0.0
78,11.3,39.5,29.7,5.3,14.3
79,33.3,11.3,39.5,29.7,5.3
80,20.8,33.3,11.3,39.5,29.7
81,11.8,20.8,33.3,11.3,39.5
82,9.0,11.8,20.8,33.3,11.3
83,15.7,9.0,11.8,20.8,33.3
84,20.8,15.7,9.0,11.8,20.8
85,21.5,20.8,15.7,9.0,11.8
86,6.0,21.5,20.8,15.7,9.0
87,10.7,6.0,21.5,20.8,15.7
88,19.7,10.7,6.0,21.5,20.8
89,23.8,19.7,10.7,6.0,21.5
90,28.3,23.8,19.7,10.7,6.0
91,15.7,28.3,23.8,19.7,10.7
92,23.5,15.7,28.3,23.8,19.7
93,35.3,23.5,15.7,28.3,23.8
94,43.7,35.3,23.5,15.7,28.3
95,50.0,43.7,35.3,23.5,15.7
96,63.5,50.0,43.7,35.3,23.5
97,21.3,63.5,50.0,43.7,35.3
98,41.7,21.3,63.5,50.0,43.7
99,85.5,41.7,21.3,63.5,50.0
100,66.2,85.5,41.7,21.3,63.5
101,54.2,66.2,85.5,41.7,21.3
102,107.8,54.2,66.2,85.5,41.7
103,55.8,107.8,54.2,66.2,85.5
104,62.7,55.8,107.8,54.2,66.2
105,86.7,62.7,55.8,107.8,54.2
106,81.7,86.7,62.7,55.8,107.8
107,120.5,81.7,86.7,62.7,55.8
108,77.3,120.5,81.7,86.7,62.7
109,75.0,77.3,120.5,81.7,86.7
110,73.3,75.0,77.3,120.5,81.7
111,64.5,73.3,75.0,77.3,120.5
112,104.2,64.5,73.3,75.0,77.3
113,62.8,104.2,64.5,73.3,75.0
114,71.7,62.8,104.2,64.5,73.3
115,71.7,71.7,62.8,104.2,64.5
116,80.5,71.7,71.7,62.8,104.2
117,73.3,80.5,71.7,71.7,62.8
118,78.0,73.3,80.5,71.7,71.7
119,78.3,78.0,73.3,80.5,71.7
120,81.7,78.3,78.0,73.3,80.5
121,83.3,81.7,78.3,78.0,73.3
122,85.0,83.3,81.7,78.3,78.0
123,118.8,85.0,83.3,81.7,78.3
124,128.7,118.8,85.0,83.3,81.7
125,99.5,128.7,118.8,85.0,83.3
126,77.2,99.5,128.7,118.8,85.0
127,95.0,77.2,99.5,128.7,118.8
128,112.2,95.0,77.2,99.5,128.7
129,99.2,112.2,95.0,77.2,99.5
130,124.5,99.2,112.2,95.0,77.2
131,97.2,124.5,99.2,112.2,95.0
132,120.0,97.2,124.5,99.2,112.2
133,80.5,120.0,97.2,124.5,99.2
134,110.0,80.5,120.0,97.2,124.5
135,126.0,110.0,80.5,120.0,97.2
136,102.2,126.0,110.0,80.5,120.0
137,84.3,102.2,126.0,110.0,80.5
138,99.5,84.3,102.2,126.0,110.0
139,101.7,99.5,84.3,102.2,126.0
140,116.7,101.7,99.5,84.3,102.2
141,151.7,116.7,101.7,99.5,84.3
142,134.5,151.7,116.7,101.7,99.5
143,119.5,134.5,151.7,116.7,101.7
144,178.7,119.5,134.5,151.7,116.7
145,165.5,178.7,119.5,134.5,151.7
146,156.8,165.5,178.7,119.5,134.5
147,151.8,156.8,165.5,178.7,119.5
148,167.8,151.8,156.8,165.5,178.7
149,147.8,167.8,151.8,156.8,165.5
150,149.5,147.8,167.8,151.8,156.8
151,76.7,149.5,147.8,167.8,151.8
152,73.0,76.7,149.5,147.8,167.8
153,121.3,73.0,76.7,149.5,147.8
154,76.2,121.3,73.0,76.7,149.5
155,100.3,76.2,121.3,73.0,76.7
156,66.5,100.3,76.2,121.3,73.0
157,128.5,66.5,100.3,76.2,121.3
158,56.3,128.5,66.5,100.3,76.2
159,112.8,56.3,128.5,66.5,100.3
160,114.2,112.8,56.3,128.5,66.5
161,115.5,114.2,112.8,56.3,128.5
162,129.7,115.5,114.2,112.8,56.3
163,128.7,129.7,115.5,114.2,112.8
164,94.2,128.7,129.7,115.5,114.2
165,53.2,94.2,128.7,129.7,115.5
166,57.0,53.2,94.2,128.7,129.7
167,54.8,57.0,53.2,94.2,128.7
168,54.5,54.8,57.0,53.2,94.2
169,59.7,54.5,54.8,57.0,53.2
170,90.3,59.7,54.5,54.8,57.0
171,44.2,90.3,59.7,54.5,54.8
172,113.5,44.2,90.3,59.7,54.5
173,77.2,113.5,44.2,90.3,59.7
174,101.5,77.2,113.5,44.2,90.3
175,102.3,101.5,77.2,113.5,44.2
176,99.5,102.3,101.5,77.2,113.5
177,99.5,99.5,102.3,101.5,77.2
178,67.0,99.5,99.5,102.3,101.5
179,57.3,67.0,99.5,99.5,102.3
180,73.8,57.3,67.0,99.5,99.5
181,50.0,73.8,57.3,67.0,99.5
182,50.0,50.0,73.8,57.3,67.0
183,50.0,50.0,50.0,73.8,57.3
184,47.0,50.0,50.0,50.0,73.8
185,46.7,47.0,50.0,50.0,50.0
186,43.3,46.7,47.0,50.0,50.0
187,42.8,43.3,46.7,47.0,50.0
188,40.0,42.8,43.3,46.7,47.0
189,43.3,40.0,42.8,43.3,46.7
190,41.7,43.3,40.0,42.8,43.3
191,36.7,41.7,43.3,40.0,42.8
192,33.7,36.7,41.7,43.3,40.0
193,33.3,33.7,36.7,41.7,43.3
194,45.0,33.3,33.7,36.7,41.7
195,49.5,45.0,33.3,33.7,36.7
196,26.7,49.5,45.0,33.3,33.7
197,23.3,26.7,49.5,45.0,33.3
198,23.3,23.3,26.7,49.5,45.0
199,21.7,23.3,23.3,26.7,49.5
200,20.0,21.7,23.3,23.3,26.7
201,18.3,20.0,21.7,23.3,23.3
202,61.0,18.3,20.0,21.7,23.3
203,10.0,61.0,18.3,20.0,21.7
204,44.7,10.0,61.0,18.3,20.0
205,5.0,44.7,10.0,61.0,18.3
206,5.5,5.0,44.7,10.0,61.0
207,6.7,5.5,5.0,44.7,10.0
208,7.2,6.7,5.5,5.0,44.7
209,8.3,7.2,6.7,5.5,5.0
210,9.5,8.3,7.2,6.7,5.5
211,32.0,9.5,8.3,7.2,6.7
212,45.7,32.0,9.5,8.3,7.2
213,50.0,45.7,32.0,9.5,8.3
214,71.7,50.0,45.7,32.0,9.5
215,54.8,71.7,50.0,45.7,32.0
216,49.7,54.8,71.7,50.0,45.7
217,55.5,49.7,54.8,71.7,50.0
218,36.5,55.5,49.7,54.8,71.7
219,68.0,36.5,55.5,49.7,54.8
220,71.2,68.0,36.5,55.5,49.7
221,73.5,71.2,68.0,36.5,55.5
222,91.2,73.5,71.2,68.0,36.5
223,88.8,91.2,73.5,71.2,68.0
224,89.2,88.8,91.2,73.5,71.2
225,110.2,89.2,88.8,91.2,73.5
226,77.2,110.2,89.2,88.8,91.2
227,71.2,77.2,110.2,89.2,88.8
228,129.5,71.2,77.2,110.2,89.2
229,129.0,129.5,71.2,77.2,110.2
230,87.7,129.0,129.5,71.2,77.2
231,111.3,87.7,129.0,129.5,71.2
232,124.7,111.3,87.7,129.0,129.5
233,129.7,124.7,111.3,87.7,129.0
234,151.0,129.7,124.7,111.3,87.7
235,186.3,151.0,129.7,124.7,111.3
236,123.2,186.3,151.0,129.7,124.7
237,107.0,123.2,186.3,151.0,129.7
238,107.2,107.0,123.2,186.3,151.0
239,161.2,107.2,107.0,123.2,186.3
240,122.7,161.2,107.2,107.0,123.2
241,157.3,122.7,161.2,107.2,107.0
242,197.7,157.3,122.7,161.2,107.2
243,200.5,197.7,157.3,122.7,161.2
244,248.0,200.5,197.7,157.3,122.7
245,263.7,248.0,200.5,197.7,157.3
246,246.8,263.7,248.0,200.5,197.7
247,186.7,246.8,263.7,248.0,200.5
248,173.3,186.7,246.8,263.7,248.0
249,237.5,173.3,186.7,246.8,263.7
250,133.5,237.5,173.3,186.7,246.8
251,85.0,133.5,237.5,173.3,186.7
252,116.8,85.0,133.5,237.5,173.3
253,138.8,116.8,85.0,133.5,237.5
254,183.0,138.8,116.8,85.0,133.5
255,210.5,183.0,138.8,116.8,85.0
256,174.0,210.5,183.0,138.8,116.8
257,172.7,174.0,210.5,183.0,138.8
258,220.3,172.7,174.0,210.5,183.0
259,170.5,220.3,172.7,174.0,210.5
260,60.0,170.5,220.3,172.7,174.0
261,77.0,60.0,170.5,220.3,172.7
262,77.8,77.0,60.0,170.5,220.3
263,108.2,77.8,77.0,60.0,170.5
264,254.5,108.2,77.8,77.0,60.0
265,199.2,254.5,108.2,77.8,77.0
266,112.8,199.2,254.5,108.2,77.8
267,97.5,112.8,199.2,254.5,108.2
268,169.0,97.5,112.8,199.2,254.5
269,150.0,169.0,97.5,112.8,199.2
270,166.2,150.0,169.0,97.5,112.8
271,159.5,166.2,150.0,169.0,97.5
272,168.2,159.5,166.2,150.0,169.0
273,151.3,168.2,159.5,166.2,150.0
274,51.8,151.3,168.2,159.5,166.2
275,153.7,51.8,151.3,168.2,159.5
276,63.3,153.7,51.8,151.3,168.2
277,95.0,63.3,153.7,51.8,151.3
278,128.8,95.0,63.3,153.7,51.8
279,93.7,128.8,95.0,63.3,153.7
280,84.2,93.7,128.8,95.0,63.3
281,131.0,84.2,93.7,128.8,95.0
282,102.2,131.0,84.2,93.7,128.8
283,106.7,102.2,131.0,84.2,93.7
284,91.0,106.7,102.2,131.0,84.2
285,48.3,91.0,106.7,102.2,131.0
286,85.3,48.3,91.0,106.7,102.2
287,54.8,85.3,48.3,91.0,106.7
288,68.5,54.8,85.3,48.3,91.0
289,47.3,68.5,54.8,85.3,48.3
290,46.2,47.3,68.5,54.8,85.3
291,21.2,46.2,47.3,68.5,54.8
292,48.8,21.2,46.2,47.3,68.5
293,43.8,48.8,21.2,46.2,47.3
294,68.2,43.8,48.8,21.2,46.2
295,72.0,68.2,43.8,48.8,21.2
296,78.0,72.0,68.2,43.8,48.8
297,109.0,78.0,72.0,68.2,43.8
298,92.8,109.0,78.0,72.0,68.2
299,73.0,92.8,109.0,78.0,72.0
300,85.5,73.0,92.8,109.0,78.0
301,47.5,85.5,73.0,92.8,109.0
302,29.2,47.5,85.5,73.0,92.8
303,11.0,29.2,47.5,85.5,73.0
304,13.2,11.0,29.2,47.5,85.5
305,23.3,13.2,11.0,29.2,47.5
306,29.5,23.3,13.2,11.0,29.2
307,20.3,29.5,23.3,13.2,11.0
308,7.3,20.3,29.5,23.3,13.2
309,0.0,7.3,20.3,29.5,23.3
310,19.3,0.0,7.3,20.3,29.5
311,18.7,19.3,0.0,7.3,20.3
312,6.5,18.7,19.3,0.0,7.3
313,20.5,6.5,18.7,19.3,0.0
314,1.7,20.5,6.5,18.7,19.3
315,13.2,1.7,20.5,6.5,18.7
316,5.3,13.2,1.7,20.5,6.5
317,9.3,5.3,13.2,1.7,20.5
318,25.2,9.3,5.3,13.2,1.7
319,13.2,25.2,9.3,5.3,13.2
320,36.2,13.2,25.2,9.3,5.3
321,19.3,36.2,13.2,25.2,9.3
322,10.5,19.3,36.2,13.2,25.2
323,36.3,10.5,19.3,36.2,13.2
324,18.7,36.3,10.5,19.3,36.2
325,31.7,18.7,36.3,10.5,19.3
326,1.7,31.7,18.7,36.3,10.5
327,40.3,1.7,31.7,18.7,36.3
328,26.7,40.3,1.7,31.7,18.7
329,50.0,26.7,40.3,1.7,31.7
330,58.3,50.0,26.7,40.3,1.7
331,66.7,58.3,50.0,26.7,40.3
332,75.0,66.7,58.3,50.0,26.7
333,60.8,75.0,66.7,58.3,50.0
334,65.0,60.8,75.0,66.7,58.3
335,159.2,65.0,60.8,75.0,66.7
336,133.8,159.2,65.0,60.8,75.0
337,134.5,133.8,159.2,65.0,60.8
338,158.3,134.5,133.8,159.2,65.0
339,186.7,158.3,134.5,133.8,159.2
340,193.7,186.7,158.3,134.5,133.8
341,177.5,193.7,186.7,158.3,134.5
342,243.3,177.5,193.7,186.7,158.3
343,262.2,243.3,177.5,193.7,186.7
344,295.5,262.2,243.3,177.5,193.7
345,182.2,295.5,262.2,243.3,177.5
346,223.3,182.2,295.5,262.2,243.3
347,241.7,223.3,182.2,295.5,262.2
348,398.2,241.7,223.3,182.2,295.5
349,286.0,398.2,241.7,223.3,182.2
350,255.0,286.0,398.2,241.7,223.3
351,233.3,255.0,286.0,398.2,241.7
352,286.2,233.3,255.0,286.0,398.2
353,260.5,286.2,233.3,255.0,286.0
354,250.5,260.5,286.2,233.3,255.0
355,175.0,250.5,260.5,286.2,233.3
356,191.2,175.0,250.5,260.5,286.2
357,276.2,191.2,175.0,250.5,260.5
358,196.7,276.2,191.2,175.0,250.5
359,241.7,196.7,276.2,191.2,175.0
360,233.3,241.7,196.7,276.2,191.2
361,189.5,233.3,241.7,196.7,276.2
362,238.3,189.5,233.3,241.7,196.7
363,186.7,238.3,189.5,233.3,241.7
364,185.0,186.7,238.3,189.5,233.3
365,206.7,185.0,186.7,238.3,189.5
366,190.0,206.7,185.0,186.7,238.3
367,183.3,190.0,206.7,185.0,186.7
368,116.7,183.3,190.0,206.7,185.0
369,163.3,116.7,183.3,190.0,206.7
370,163.3,163.3,116.7,183.3,190.0
371,158.3,163.3,163.3,116.7,183.3
372,178.7,158.3,163.3,163.3,116.7
373,146.7,178.7,158.3,163.3,163.3
374,143.3,146.7,178.7,158.3,163.3
375,143.3,143.3,146.7,178.7,158.3
376,156.2,143.3,143.3,146.7,178.7
377,128.3,156.2,143.3,143.3,146.7
378,100.0,128.3,156.2,143.3,143.3
379,97.8,100.0,128.3,156.2,143.3
380,164.5,97.8,100.0,128.3,156.2
381,124.5,164.5,97.8,100.0,128.3
382,88.3,124.5,164.5,97.8,100.0
383,113.8,88.3,124.5,164.5,97.8
384,174.5,113.8,88.3,124.5,164.5
385,162.8,174.5,113.8,88.3,124.5
386,122.5,162.8,174.5,113.8,88.3
387,110.0,122.5,162.8,174.5,113.8
388,85.0,110.0,122.5,162.8,174.5
389,45.5,85.0,110.0,122.5,162.8
390,111.7,45.5,85.0,110.0,122.5
391,58.7,111.7,45.5,85.0,110.0
392,90.0,58.7,111.7,45.5,85.0
393,62.5,90.0,58.7,111.7,45.5
394,61.7,62.5,90.0,58.7,111.7
395,68.3,61.7,62.5,90.0,58.7
396,90.5,68.3,61.7,62.5,90.0
397,63.3,90.5,68.3,61.7,62.5
398,61.7,63.3,90.5,68.3,61.7
399,73.3,61.7,63.3,90.5,68.3
400,56.7,73.3,61.7,63.3,90.5
401,38.7,56.7,73.3,61.7,63.3
402,52.5,38.7,56.7,73.3,61.7
403,50.0,52.5,38.7,56.7,73.3
404,46.7,50.0,52.5,38.7,56.7
405,64.5,46.7,50.0,52.5,38.7
406,44.5,64.5,46.7,50.0,52.5
407,47.2,44.5,64.5,46.7,50.0
408,38.3,47.2,44.5,64.5,46.7
409,42.0,38.3,47.2,44.5,64.5
410,53.7,42.0,38.3,47.2,44.5
411,33.3,53.7,42.0,38.3,47.2
412,30.0,33.3,53.7,42.0,38.3
413,13.3,30.0,33.3,53.7,42.0
414,25.0,13.3,30.0,33.3,53.7
415,17.5,25.0,13.3,30.0,33.3
416,21.7,17.5,25.0,13.3,30.0
417,13.3,21.7,17.5,25.0,13.3
418,18.3,13.3,21.7,17.5,25.0
419,16.7,18.3,13.3,21.7,17.5
420,10.0,16.7,18.3,13.3,21.7
421,15.0,10.0,16.7,18.3,13.3
422,10.0,15.0,10.0,16.7,18.3
423,16.7,10.0,15.0,10.0,16.7
424,16.7,16.7,10.0,15.0,10.0
425,13.3,16.7,16.7,10.0,15.0
426,28.3,13.3,16.7,16.7,10.0
427,23.3,28.3,13.3,16.7,16.7
428,10.8,23.3,28.3,13.3,16.7
429,13.3,10.8,23.3,28.3,13.3
430,15.0,13.3,10.8,23.3,28.3
431,26.2,15.0,13.3,10.8,23.3
432,34.5,26.2,15.0,13.3,10.8
433,43.8,34.5,26.2,15.0,13.3
434,60.5,43.8,34.5,26.2,15.0
435,33.3,60.5,43.8,34.5,26.2
436,53.3,33.3,60.5,43.8,34.5
437,78.7,53.3,33.3,60.5,43.8
438,67.0,78.7,53.3,33.3,60.5
439,45.5,67.0,78.7,53.3,33.3
440,62.0,45.5,67.0,78.7,53.3
441,79.3,62.0,45.5,67.0,78.7
442,79.5,79.3,62.0,45.5,67.0
443,142.3,79.5,79.3,62.0,45.5
444,153.8,142.3,79.5,79.3,62.0
445,98.3,153.8,142.3,79.5,79.3
446,138.3,98.3,153.8,142.3,79.5
447,149.5,138.3,98.3,153.8,142.3
448,185.8,149.5,138.3,98.3,153.8
449,187.2,185.8,149.5,138.3,98.3
450,193.3,187.2,185.8,149.5,138.3
451,187.8,193.3,187.2,185.8,149.5
452,224.5,187.8,193.3,187.2,185.8
453,176.7,224.5,187.8,193.3,187.2
454,145.7,176.7,224.5,187.8,193.3
455,212.0,145.7,176.7,224.5,187.8
456,224.7,212.0,145.7,176.7,224.5
457,165.3,224.7,212.0,145.7,176.7
458,213.3,165.3,224.7,212.0,145.7
459,228.7,213.3,165.3,224.7,212.0
460,262.2,228.7,213.3,165.3,224.7
461,261.7,262.2,228.7,213.3,165.3
462,235.8,261.7,262.2,228.7,213.3
463,290.0,235.8,261.7,262.2,228.7
464,230.0,290.0,235.8,261.7,262.2
465,215.3,230.0,290.0,235.8,261.7
466,238.8,215.3,230.0,290.0,235.8
467,180.8,238.8,215.3,230.0,290.0
468,188.3,180.8,238.8,215.3,230.0
469,257.0,188.3,180.8,238.8,215.3
470,235.8,257.0,188.3,180.8,238.8
471,226.7,235.8,257.0,188.3,180.8
472,235.0,226.7,235.8,257.0,188.3
473,236.7,235.0,226.7,235.8,257.0
474,157.8,236.7,235.0,226.7,235.8
475,215.8,157.8,236.7,235.0,226.7
476,190.0,215.8,157.8,236.7,235.0
477,208.8,190.0,215.8,157.8,236.7
478,200.0,208.8,190.0,215.8,157.8
479,205.5,200.0,208.8,190.0,215.8
480,205.8,205.5,200.0,208.8,190.0
481,200.0,205.8,205.5,200.0,208.8
482,195.0,200.0,205.8,205.5,200.0
483,171.7,195.0,200.0,205.8,205.5
484,186.7,171.7,195.0,200.0,205.8
485,149.5,186.7,171.7,195.0,200.0
486,223.3,149.5,186.7,171.7,195.0
487,225.8,223.3,149.5,186.7,171.7
488,171.7,225.8,223.3,149.5,186.7
489,212.5,171.7,225.8,223.3,149.5
490,160.5,212.5,171.7,225.8,223.3
491,156.7,160.5,212.5,171.7,225.8
492,155.0,156.7,160.5,212.5,171.7
493,151.7,155.0,156.7,160.5,212.5
494,115.5,151.7,155.0,156.7,160.5
495,145.0,115.5,151.7,155.0,156.7
496,128.8,145.0,115.5,151.7,155.0
497,140.5,128.8,145.0,115.5,151.7
498,136.7,140.5,128.8,145.0,115.5
499,123.3,136.7,140.5,128.8,145.0
500,121.2,123.3,136.7,140.5,128.8
501,103.3,121.2,123.3,136.7,140.5
502,123.3,103.3,121.2,123.3,136.7
503,128.7,123.3,103.3,121.2,123.3
504,122.8,128.7,123.3,103.3,121.2
505,107.0,122.8,128.7,123.3,103.3
506,118.3,107.0,122.8,128.7,123.3
507,71.7,118.3,107.0,122.8,128.7
508,110.8,71.7,118.3,107.0,122.8
509,102.8,110.8,71.7,118.3,107.0
510,111.7,102.8,110.8,71.7,118.3
511,110.0,111.7,102.8,110.8,71.7
512,96.7,110.0,111.7,102.8,110.8
513,106.7,96.7,110.0,111.7,102.8
514,105.0,106.7,96.7,110.0,111.7
515,126.2,105.0,106.7,96.7,110.0
516,103.3,126.2,105.0,106.7,96.7
517,101.7,103.3,126.2,105.0,106.7
518,76.3,101.7,103.3,126.2,105.0
519,100.0,76.3,101.7,103.3,126.2
520,98.3,100.0,76.3,101.7,103.3
521,98.3,98.3,100.0,76.3,101.7
522,95.0,98.3,98.3,100.0,76.3
523,93.3,95.0,98.3,98.3,100.0
524,93.3,93.3,95.0,98.3,98.3
525,91.7,93.3,93.3,95.0,98.3
526,92.5,91.7,93.3,93.3,95.0
527,88.3,92.5,91.7,93.3,93.3
528,87.2,88.3,92.5,91.7,93.3
529,85.0,87.2,88.3,92.5,91.7
530,83.3,85.0,87.2,88.3,92.5
531,48.8,83.3,85.0,87.2,88.3
532,40.0,48.8,83.3,85.0,87.2
533,78.3,40.0,48.8,83.3,85.0
534,73.3,78.3,40.0,48.8,83.3
535,76.2,73.3,78.3,40.0,48.8
536,75.0,76.2,73.3,78.3,40.0
537,73.3,75.0,76.2,73.3,78.3
538,63.3,73.3,75.0,76.2,73.3
539,47.3,63.3,73.3,75.0,76.2
540,92.8,47.3,63.3,73.3,75.0
541,69.2,92.8,47.3,63.3,73.3
542,68.3,69.2,92.8,47.3,63.3
543,66.7,68.3,69.2,92.8,47.3
544,18.5,66.7,68.3,69.2,92.8
545,47.5,18.5,66.7,68.3,69.2
546,112.3,47.5,18.5,66.7,68.3
547,85.7,112.3,47.5,18.5,66.7
548,35.7,85.7,112.3,47.5,18.5
549,66.5,35.7,85.7,112.3,47.5
550,21.0,66.5,35.7,85.7,112.3
551,31.0,21.0,66.5,35.7,85.7
552,51.7,31.0,21.0,66.5,35.7
553,28.5,51.7,31.0,21.0,66.5
554,21.5,28.5,51.7,31.0,21.0
555,42.8,21.5,28.5,51.7,31.0
556,22.5,42.8,21.5,28.5,51.7
557,32.5,22.5,42.8,21.5,28.5
558,41.7,32.5,22.5,42.8,21.5
559,30.0,41.7,32.5,22.5,42.8
560,36.7,30.0,41.7,32.5,22.5
561,39.7,36.7,30.0,41.7,32.5
562,26.2,39.7,36.7,30.0,41.7
563,52.8,26.2,39.7,36.7,30.0
564,35.0,52.8,26.2,39.7,36.7
565,11.2,35.0,52.8,26.2,39.7
566,44.8,11.2,35.0,52.8,26.2
567,2.5,44.8,11.2,35.0,52.8
568,30.7,2.5,44.8,11.2,35.0
569,18.3,30.7,2.5,44.8,11.2
570,14.0,18.3,30.7,2.5,44.8
571,8.5,14.0,18.3,30.7,2.5
572,24.0,8.5,14.0,18.3,30.7
573,7.0,24.0,8.5,14.0,18.3
574,6.7,7.0,24.0,8.5,14.0
575,6.7,6.7,7.0,24.0,8.5
576,12.2,6.7,6.7,7.0,24.0
577,18.5,12.2,6.7,6.7,7.0
578,7.2,18.5,12.2,6.7,6.7
579,10.0,7.2,18.5,12.2,6.7
580,9.5,10.0,7.2,18.5,12.2
581,11.5,9.5,10.0,7.2,18.5
582,9.7,11.5,9.5,10.0,7.2
583,5.0,9.7,11.5,9.5,10.0
584,3.3,5.0,9.7,11.5,9.5
585,6.7,3.3,5.0,9.7,11.5
586,20.7,6.7,3.3,5.0,9.7
587,1.8,20.7,6.7,3.3,5.0
588,0.0,1.8,20.7,6.7,3.3
589,0.0,0.0,1.8,20.7,6.7
590,0.0,0.0,0.0,1.8,20.7
591,5.0,0.0,0.0,0.0,1.8
592,4.0,5.0,0.0,0.0,0.0
593,2.5,4.0,5.0,0.0,0.0
594,20.8,2.5,4.0,5.0,0.0
595,16.5,20.8,2.5,4.0,5.0
596,2.7,16.5,20.8,2.5,4.0
597,21.0,2.7,16.5,20.8,2.5
598,36.2,21.0,2.7,16.5,20.8
599,14.0,36.2,21.0,2.7,16.5
600,13.7,14.0,36.2,21.0,2.7
601,17.7,13.7,14.0,36.2,21.0
602,3.5,17.7,13.7,14.0,36.2
603,0.0,3.5,17.7,13.7,14.0
604,0.0,0.0,3.5,17.7,13.7
605,7.7,0.0,0.0,3.5,17.7
606,4.5,7.7,0.0,0.0,3.5
607,14.3,4.5,7.7,0.0,0.0
608,11.5,14.3,4.5,7.7,0.0
609,15.5,11.5,14.3,4.5,7.7
610,23.2,15.5,11.5,14.3,4.5
611,0.0,23.2,15.5,11.5,14.3
612,8.3,0.0,23.2,15.5,11.5
613,39.5,8.3,0.0,23.2,15.5
614,35.0,39.5,8.3,0.0,23.2
615,32.5,35.0,39.5,8.3,0.0
616,19.2,32.5,35.0,39.5,8.3
617,20.5,19.2,32.5,35.0,39.5
618,17.5,20.5,19.2,32.5,35.0
619,66.8,17.5,20.5,19.2,32.5
620,45.0,66.8,17.5,20.5,19.2
621,48.3,45.0,66.8,17.5,20.5
622,50.0,48.3,45.0,66.8,17.5
623,51.7,50.0,48.3,45.0,66.8
624,53.3,51.7,50.0,48.3,45.0
625,52.0,53.3,51.7,50.0,48.3
626,58.3,52.0,53.3,51.7,50.0
627,64.5,58.3,52.0,53.3,51.7
628,55.8,64.5,58.3,52.0,53.3
629,54.3,55.8,64.5,58.3,52.0
630,66.3,54.3,55.8,64.5,58.3
631,80.3,66.3,54.3,55.8,64.5
632,79.7,80.3,66.3,54.3,55.8
633,78.3,79.7,80.3,66.3,54.3
634,68.0,78.3,79.7,80.3,66.3
635,70.0,68.0,78.3,79.7,80.3
636,73.3,70.0,68.0,78.3,79.7
637,76.7,73.3,70.0,68.0,78.3
638,80.0,76.7,73.3,70.0,68.0
639,83.3,80.0,76.7,73.3,70.0
640,86.3,83.3,80.0,76.7,73.3
641,64.2,86.3,83.3,80.0,76.7
642,57.5,64.2,86.3,83.3,80.0
643,83.3,57.5,64.2,86.3,83.3
644,83.3,83.3,57.5,64.2,86.3
645,84.7,83.3,83.3,57.5,64.2
646,49.2,84.7,83.3,83.3,57.5
647,41.7,49.2,84.7,83.3,83.3
648,73.8,41.7,49.2,84.7,83.3
649,60.0,73.8,41.7,49.2,84.7
650,80.5,60.0,73.8,41.7,49.2
651,56.8,80.5,60.0,73.8,41.7
652,75.5,56.8,80.5,60.0,73.8
653,90.5,75.5,56.8,80.5,60.0
654,85.0,90.5,75.5,56.8,80.5
655,80.0,85.0,90.5,75.5,56.8
656,75.5,80.0,85.0,90.5,75.5
657,80.5,75.5,80.0,85.0,90.5
658,80.0,80.5,75.5,80.0,85.0
659,84.3,80.0,80.5,75.5,80.0
660,55.7,84.3,80.0,80.5,75.5
661,58.0,55.7,84.3,80.0,80.5
662,49.7,58.0,55.7,84.3,80.0
663,71.8,49.7,58.0,55.7,84.3
664,88.3,71.8,49.7,58.0,55.7
665,103.8,88.3,71.8,49.7,58.0
666,101.7,103.8,88.3,71.8,49.7
667,100.0,101.7,103.8,88.3,71.8
668,101.7,100.0,101.7,103.8,88.3
669,73.5,101.7,100.0,101.7,103.8
670,85.7,73.5,101.7,100.0,101.7
671,62.5,85.7,73.5,101.7,100.0
672,65.0,62.5,85.7,73.5,101.7
673,67.5,65.0,62.5,85.7,73.5
674,62.7,67.5,65.0,62.5,85.7
675,71.2,62.7,67.5,65.0,62.5
676,74.0,71.2,62.7,67.5,65.0
677,49.0,74.0,71.2,62.7,67.5
678,68.3,49.0,74.0,71.2,62.7
679,63.8,68.3,49.0,74.0,71.2
680,65.0,63.8,68.3,49.0,74.0
681,49.3,65.0,63.8,68.3,49.0
682,54.5,49.3,65.0,63.8,68.3
683,46.2,54.5,49.3,65.0,63.8
684,44.0,46.2,54.5,49.3,65.0
685,42.7,44.0,46.2,54.5,49.3
686,50.0,42.7,44.0,46.2,54.5
687,43.8,50.0,42.7,44.0,46.2
688,40.0,43.8,50.0,42.7,44.0
689,45.0,40.0,43.8,50.0,42.7
690,41.7,45.0,40.0,43.8,50.0
691,40.0,41.7,45.0,40.0,43.8
692,20.0,40.0,41.7,45.0,40.0
693,20.3,20.0,40.0,41.7,45.0
694,16.0,20.3,20.0,40.0,41.7
695,39.7,16.0,20.3,20.0,40.0
696,16.7,39.7,16.0,20.3,20.0
697,20.0,16.7,39.7,16.0,20.3
698,21.2,20.0,16.7,39.7,16.0
699,20.0,21.2,20.0,16.7,39.7
700,9.5,20.0,21.2,20.0,16.7
701,13.3,9.5,20.0,21.2,20.0
702,4.3,13.3,9.5,20.0,21.2
703,0.0,4.3,13.3,9.5,20.0
704,0.0,0.0,4.3,13.3,9.5
705,7.5,0.0,0.0,4.3,13.3
706,0.0,7.5,0.0,0.0,4.3
707,20.5,0.0,7.5,0.0,0.0
708,22.5,20.5,0.0,7.5,0.0
709,22.5,22.5,20.5,0.0,7.5
710,11.2,22.5,22.5,20.5,0.0
711,13.3,11.2,22.5,22.5,20.5
712,19.5,13.3,11.2,22.5,22.5
713,7.8,19.5,13.3,11.2,22.5
714,17.5,7.8,19.5,13.3,11.2
715,20.5,17.5,7.8,19.5,13.3
716,12.0,20.5,17.5,7.8,19.5
717,15.3,12.0,20.5,17.5,7.8
718,1.5,15.3,12.0,20.5,17.5
719,4.2,1.5,15.3,12.0,20.5
720,3.3,4.2,1.5,15.3,12.0
721,12.8,3.3,4.2,1.5,15.3
722,0.5,12.8,3.3,4.2,1.5
723,0.3,0.5,12.8,3.3,4.2
724,0.7,0.3,0.5,12.8,3.3
725,0.0,0.7,0.3,0.5,12.8
726,0.0,0.0,0.7,0.3,0.5
727,0.0,0.0,0.0,0.7,0.3
728,0.0,0.0,0.0,0.0,0.7
729,0.0,0.0,0.0,0.0,0.0
730,0.0,0.0,0.0,0.0,0.0
731,0.0,0.0,0.0,0.0,0.0
732,0.0,0.0,0.0,0.0,0.0
733,0.0,0.0,0.0,0.0,0.0
734,0.0,0.0,0.0,0.0,0.0
735,0.0,0.0,0.0,0.0,0.0
736,0.0,0.0,0.0,0.0,0.0
737,0.0,0.0,0.0,0.0,0.0
738,0.0,0.0,0.0,0.0,0.0
739,0.0,0.0,0.0,0.0,0.0
740,0.0,0.0,0.0,0.0,0.0
741,0.0,0.0,0.0,0.0,0.0
742,0.0,0.0,0.0,0.0,0.0
743,0.0,0.0,0.0,0.0,0.0
744,0.0,0.0,0.0,0.0,0.0
745,0.0,0.0,0.0,0.0,0.0
746,11.0,0.0,0.0,0.0,0.0
747,0.0,11.0,0.0,0.0,0.0
748,4.0,0.0,11.0,0.0,0.0
749,10.2,4.0,0.0,11.0,0.0
750,1.3,10.2,4.0,0.0,11.0
751,1.8,1.3,10.2,4.0,0.0
752,18.8,1.8,1.3,10.2,4.0
753,3.2,18.8,1.8,1.3,10.2
754,1.2,3.2,18.8,1.8,1.3
755,0.0,1.2,3.2,18.8,1.8
756,1.7,0.0,1.2,3.2,18.8
757,2.2,1.7,0.0,1.2,3.2
758,0.8,2.2,1.7,0.0,1.2
759,26.0,0.8,2.2,1.7,0.0
760,8.7,26.0,0.8,2.2,1.7
761,6.5,8.7,26.0,0.8,2.2
762,13.2,6.5,8.7,26.0,0.8
763,16.8,13.2,6.5,8.7,26.0
764,0.0,16.8,13.2,6.5,8.7
765,17.2,0.0,16.8,13.2,6.5
766,3.2,17.2,0.0,16.8,13.2
767,27.7,3.2,17.2,0.0,16.8
768,9.2,27.7,3.2,17.2,0.0
769,18.7,9.2,27.7,3.2,17.2
770,30.5,18.7,9.2,27.7,3.2
771,14.0,30.5,18.7,9.2,27.7
772,25.5,14.0,30.5,18.7,9.2
773,46.3,25.5,14.0,30.5,18.7
774,27.8,46.3,25.5,14.0,30.5
775,23.8,27.8,46.3,25.5,14.0
776,37.0,23.8,27.8,46.3,25.5
777,20.0,37.0,23.8,27.8,46.3
778,9.5,20.0,37.0,23.8,27.8
779,39.7,9.5,20.0,37.0,23.8
780,9.7,39.7,9.5,20.0,37.0
781,24.8,9.7,39.7,9.5,20.0
782,30.8,24.8,9.7,39.7,9.5
783,3.8,30.8,24.8,9.7,39.7
784,13.5,3.8,30.8,24.8,9.7
785,32.2,13.5,3.8,30.8,24.8
786,24.2,32.2,13.5,3.8,30.8
787,33.5,24.2,32.2,13.5,3.8
788,32.0,33.5,24.2,32.2,13.5
789,53.7,32.0,33.5,24.2,32.2
790,43.7,53.7,32.0,33.5,24.2
791,52.7,43.7,53.7,32.0,33.5
792,16.3,52.7,43.7,53.7,32.0
793,93.2,16.3,52.7,43.7,53.7
794,59.2,93.2,16.3,52.7,43.7
795,78.7,59.2,93.2,16.3,52.7
796,52.5,78.7,59.2,93.2,16.3
797,55.8,52.5,78.7,59.2,93.2
798,62.0,55.8,52.5,78.7,59.2
799,108.3,62.0,55.8,52.5,78.7
800,43.8,108.3,62.0,55.8,52.5
801,114.7,43.8,108.3,62.0,55.8
802,122.8,114.7,43.8,108.3,62.0
803,98.0,122.8,114.7,43.8,108.3
804,73.8,98.0,122.8,114.7,43.8
805,72.7,73.8,98.0,122.8,114.7
806,64.7,72.7,73.8,98.0,122.8
807,38.7,64.7,72.7,73.8,98.0
808,79.7,38.7,64.7,72.7,73.8
809,94.0,79.7,38.7,64.7,72.7
810,63.5,94.0,79.7,38.7,64.7
811,49.8,63.5,94.0,79.7,38.7
812,60.7,49.8,63.5,94.0,79.7
813,96.5,60.7,49.8,63.5,94.0
814,160.3,96.5,60.7,49.8,63.5
815,44.0,160.3,96.5,60.7,49.8
816,35.3,44.0,160.3,96.5,60.7
817,66.7,35.3,44.0,160.3,96.5
818,83.3,66.7,35.3,44.0,160.3
819,75.0,83.3,66.7,35.3,44.0
820,61.2,75.0,83.3,66.7,35.3
821,42.7,61.2,75.0,83.3,66.7
822,48.2,42.7,61.2,75.0,83.3
823,47.3,48.2,42.7,61.2,75.0
824,58.1,47.3,48.2,42.7,61.2
825,37.4,58.1,47.3,48.2,42.7
826,42.4,37.4,58.1,47.3,48.2
827,57.5,42.4,37.4,58.1,47.3
828,88.5,57.5,42.4,37.4,58.1
829,60.8,88.5,57.5,42.4,37.4
830,46.8,60.8,88.5,57.5,42.4
831,52.6,46.8,60.8,88.5,57.5
832,43.4,52.6,46.8,60.8,88.5
833,52.8,43.4,52.6,46.8,60.8
834,18.3,52.8,43.4,52.6,46.8
835,43.0,18.3,52.8,43.4,52.6
836,54.7,43.0,18.3,52.8,43.4
837,34.6,54.7,43.0,18.3,52.8
838,6.3,34.6,54.7,43.0,18.3
839,33.7,6.3,34.6,54.7,43.0
840,32.6,33.7,6.3,34.6,54.7
841,58.3,32.6,33.7,6.3,34.6
842,52.5,58.3,32.6,33.7,6.3
843,43.5,52.5,58.3,32.6,33.7
844,24.8,43.5,52.5,58.3,32.6
845,45.9,24.8,43.5,52.5,58.3
846,41.8,45.9,24.8,43.5,52.5
847,50.9,41.8,45.9,24.8,43.5
848,32.0,50.9,41.8,45.9,24.8
849,44.4,32.0,50.9,41.8,45.9
850,7.5,44.4,32.0,50.9,41.8
851,32.3,7.5,44.4,32.0,50.9
852,48.9,32.3,7.5,44.4,32.0
853,17.9,48.9,32.3,7.5,44.4
854,34.1,17.9,48.9,32.3,7.5
855,43.1,34.1,17.9,48.9,32.3
856,8.6,43.1,34.1,17.9,48.9
857,14.9,8.6,43.1,34.1,17.9
858,13.2,14.9,8.6,43.1,34.1
859,15.1,13.2,14.9,8.6,43.1
860,36.0,15.1,13.2,14.9,8.6
861,7.0,36.0,15.1,13.2,14.9
862,9.5,7.0,36.0,15.1,13.2
863,15.2,9.5,7.0,36.0,15.1
864,2.8,15.2,9.5,7.0,36.0
865,3.0,2.8,15.2,9.5,7.0
866,4.3,3.0,2.8,15.2,9.5
867,8.0,4.3,3.0,2.8,15.2
868,7.3,8.0,4.3,3.0,2.8
869,31.4,7.3,8.0,4.3,3.0
870,7.3,31.4,7.3,8.0,4.3
871,0.4,7.3,31.4,7.3,8.0
872,0.0,0.4,7.3,31.4,7.3
873,1.5,0.0,0.4,7.3,31.4
874,26.9,1.5,0.0,0.4,7.3
875,21.7,26.9,1.5,0.0,0.4
876,2.4,21.7,26.9,1.5,0.0
877,9.3,2.4,21.7,26.9,1.5
878,13.2,9.3,2.4,21.7,26.9
879,3.4,13.2,9.3,2.4,21.7
880,0.0,3.4,13.2,9.3,2.4
881,0.6,0.0,3.4,13.2,9.3
882,0.0,0.6,0.0,3.4,13.2
883,0.0,0.0,0.6,0.0,3.4
884,0.0,0.0,0.0,0.6,0.0
885,0.0,0.0,0.0,0.0,0.6
886,1.0,0.0,0.0,0.0,0.0
887,0.0,1.0,0.0,0.0,0.0
888,0.0,0.0,1.0,0.0,0.0
889,0.0,0.0,0.0,1.0,0.0
890,0.8,0.0,0.0,0.0,1.0
891,0.0,0.8,0.0,0.0,0.0
892,0.0,0.0,0.8,0.0,0.0
893,0.0,0.0,0.0,0.8,0.0
894,0.0,0.0,0.0,0.0,0.8
895,34.0,0.0,0.0,0.0,0.0
896,36.0,34.0,0.0,0.0,0.0
897,18.0,36.0,34.0,0.0,0.0
898,0.0,18.0,36.0,34.0,0.0
899,32.3,0.0,18.0,36.0,34.0
900,4.6,32.3,0.0,18.0,36.0
901,0.0,4.6,32.3,0.0,18.0
902,0.0,0.0,4.6,32.3,0.0
903,2.3,0.0,0.0,4.6,32.3
904,34.3,2.3,0.0,0.0,4.6
905,42.0,34.3,2.3,0.0,0.0
906,0.0,42.0,34.3,2.3,0.0
907,1.4,0.0,42.0,34.3,2.3
908,8.4,1.4,0.0,42.0,34.3
909,25.9,8.4,1.4,0.0,42.0
910,37.4,25.9,8.4,1.4,0.0
911,6.2,37.4,25.9,8.4,1.4
912,25.8,6.2,37.4,25.9,8.4
913,25.6,25.8,6.2,37.4,25.9
914,51.5,25.6,25.8,6.2,37.4
915,42.8,51.5,25.6,25.8,6.2
916,26.2,42.8,51.5,25.6,25.8
917,26.0,26.2,42.8,51.5,25.6
918,19.6,26.0,26.2,42.8,51.5
919,36.7,19.6,26.0,26.2,42.8
920,29.4,36.7,19.6,26.0,26.2
921,30.2,29.4,36.7,19.6,26.0
922,61.3,30.2,29.4,36.7,19.6
923,40.0,61.3,30.2,29.4,36.7
924,53.9,40.0,61.3,30.2,29.4
925,61.7,53.9,40.0,61.3,30.2
926,87.5,61.7,53.9,40.0,61.3
927,66.0,87.5,61.7,53.9,40.0
928,31.6,66.0,87.5,61.7,53.9
929,84.4,31.6,66.0,87.5,61.7
930,65.8,84.4,31.6,66.0,87.5
931,113.6,65.8,84.4,31.6,66.0
932,57.7,113.6,65.8,84.4,31.6
933,79.0,57.7,113.6,65.8,84.4
934,96.3,79.0,57.7,113.6,65.8
935,76.7,96.3,79.0,57.7,113.6
936,93.8,76.7,96.3,79.0,57.7
937,94.4,93.8,76.7,96.3,79.0
938,70.4,94.4,93.8,76.7,96.3
939,89.4,70.4,94.4,93.8,76.7
940,82.6,89.4,70.4,94.4,93.8
941,93.5,82.6,89.4,70.4,94.4
942,80.4,93.5,82.6,89.4,70.4
943,76.8,80.4,93.5,82.6,89.4
944,88.0,76.8,80.4,93.5,82.6
945,107.3,88.0,76.8,80.4,93.5
946,108.5,107.3,88.0,76.8,80.4
947,101.9,108.5,107.3,88.0,76.8
948,148.6,101.9,108.5,107.3,88.0
949,163.4,148.6,101.9,108.5,107.3
950,90.4,163.4,148.6,101.9,108.5
951,127.3,90.4,163.4,148.6,101.9
952,83.9,127.3,90.4,163.4,148.6
953,91.1,83.9,127.3,90.4,163.4
954,95.0,91.1,83.9,127.3,90.4
955,78.1,95.0,91.1,83.9,127.3
956,71.6,78.1,95.0,91.1,83.9
957,82.3,71.6,78.1,95.0,91.1
958,120.6,82.3,71.6,78.1,95.0
959,158.4,120.6,82.3,71.6,78.1
960,112.3,158.4,120.6,82.3,71.6
961,123.2,112.3,158.4,120.6,82.3
962,151.5,123.2,112.3,158.4,120.6
963,129.3,151.5,123.2,112.3,158.4
964,88.0,129.3,151.5,123.2,112.3
965,95.3,88.0,129.3,151.5,123.2
966,112.7,95.3,88.0,129.3,151.5
967,94.1,112.7,95.3,88.0,129.3
968,87.0,94.1,112.7,95.3,88.0
969,120.1,87.0,94.1,112.7,95.3
970,141.0,120.1,87.0,94.1,112.7
971,177.3,141.0,120.1,87.0,94.1
972,110.5,177.3,141.0,120.1,87.0
973,108.4,110.5,177.3,141.0,120.1
974,73.2,108.4,110.5,177.3,141.0
975,84.6,73.2,108.4,110.5,177.3
976,103.4,84.6,73.2,108.4,110.5
977,140.6,103.4,84.6,73.2,108.4
978,135.4,140.6,103.4,84.6,73.2
979,136.8,135.4,140.6,103.4,84.6
980,79.0,136.8,135.4,140.6,103.4
981,83.6,79.0,136.8,135.4,140.6
982,155.8,83.6,79.0,136.8,135.4
983,90.9,155.8,83.6,79.0,136.8
984,63.4,90.9,155.8,83.6,79.0
985,55.6,63.4,90.9,155.8,83.6
986,75.4,55.6,63.4,90.9,155.8
987,91.6,75.4,55.6,63.4,90.9
988,63.2,91.6,75.4,55.6,63.4
989,77.1,63.2,91.6,75.4,55.6
990,72.5,77.1,63.2,91.6,75.4
991,48.3,72.5,77.1,63.2,91.6
992,51.5,48.3,72.5,77.1,63.2
993,92.6,51.5,48.3,72.5,77.1
994,91.9,92.6,51.5,48.3,72.5
995,44.8,91.9,92.6,51.5,48.3
996,68.9,44.8,91.9,92.6,51.5
997,44.5,68.9,44.8,91.9,92.6
998,23.3,44.5,68.9,44.8,91.9
999,14.8,23.3,44.5,68.9,44.8
1000,13.7,14.8,23.3,44.5,68.9
1001,35.2,13.7,14.8,23.3,44.5
1002,23.8,35.2,13.7,14.8,23.3
1003,45.8,23.8,35.2,13.7,14.8
1004,18.7,45.8,23.8,35.2,13.7
1005,24.9,18.7,45.8,23.8,35.2
1006,19.6,24.9,18.7,45.8,23.8
1007,4.6,19.6,24.9,18.7,45.8
1008,21.5,4.6,19.6,24.9,18.7
1009,1.7,21.5,4.6,19.6,24.9
1010,11.6,1.7,21.5,4.6,19.6
1011,9.5,11.6,1.7,21.5,4.6
1012,19.3,9.5,11.6,1.7,21.5
1013,12.5,19.3,9.5,11.6,1.7
1014,9.8,12.5,19.3,9.5,11.6
1015,16.6,9.8,12.5,19.3,9.5
1016,8.2,16.6,9.8,12.5,19.3
1017,30.1,8.2,16.6,9.8,12.5
1018,6.5,30.1,8.2,16.6,9.8
1019,2.4,6.5,30.1,8.2,16.6
1020,14.8,2.4,6.5,30.1,8.2
1021,13.1,14.8,2.4,6.5,30.1
1022,14.4,13.1,14.8,2.4,6.5
1023,6.6,14.4,13.1,14.8,2.4
1024,19.2,6.6,14.4,13.1,14.8
1025,41.3,19.2,6.6,14.4,13.1
1026,50.9,41.3,19.2,6.6,14.4
1027,57.5,50.9,41.3,19.2,6.6
1028,12.4,57.5,50.9,41.3,19.2
1029,40.7,12.4,57.5,50.9,41.3
1030,32.7,40.7,12.4,57.5,50.9
1031,102.4,32.7,40.7,12.4,57.5
1032,72.6,102.4,32.7,40.7,12.4
1033,55.2,72.6,102.4,32.7,40.7
1034,99.6,55.2,72.6,102.4,32.7
1035,98.5,99.6,55.2,72.6,102.4
1036,168.0,98.5,99.6,55.2,72.6
1037,158.6,168.0,98.5,99.6,55.2
1038,166.7,158.6,168.0,98.5,99.6
1039,129.3,166.7,158.6,168.0,98.5
1040,147.6,129.3,166.7,158.6,168.0
1041,179.4,147.6,129.3,166.7,158.6
1042,163.7,179.4,147.6,129.3,166.7
1043,238.0,163.7,179.4,147.6,129.3
1044,185.7,238.0,163.7,179.4,147.6
1045,207.9,185.7,238.0,163.7,179.4
1046,194.6,207.9,185.7,238.0,163.7
1047,179.6,194.6,207.9,185.7,238.0
1048,158.5,179.6,194.6,207.9,185.7
1049,228.9,158.5,179.6,194.6,207.9
1050,201.5,228.9,158.5,179.6,194.6
1051,343.8,201.5,228.9,158.5,179.6
1052,313.4,343.8,201.5,228.9,158.5
1053,292.6,313.4,343.8,201.5,228.9
1054,224.3,292.6,313.4,343.8,201.5
1055,230.3,224.3,292.6,313.4,343.8
1056,186.1,230.3,224.3,292.6,313.4
1057,263.4,186.1,230.3,224.3,292.6
1058,271.2,263.4,186.1,230.3,224.3
1059,223.5,271.2,263.4,186.1,230.3
1060,160.4,223.5,271.2,263.4,186.1
1061,206.2,160.4,223.5,271.2,263.4
1062,178.4,206.2,160.4,223.5,271.2
1063,216.1,178.4,206.2,160.4,223.5
1064,241.5,216.1,178.4,206.2,160.4
1065,141.3,241.5,216.1,178.4,206.2
1066,234.5,141.3,241.5,216.1,178.4
1067,211.1,234.5,141.3,241.5,216.1
1068,229.4,211.1,234.5,141.3,241.5
1069,157.6,229.4,211.1,234.5,141.3
1070,180.4,157.6,229.4,211.1,234.5
1071,131.3,180.4,157.6,229.4,211.1
1072,122.7,131.3,180.4,157.6,229.4
1073,151.5,122.7,131.3,180.4,157.6
1074,129.2,151.5,122.7,131.3,180.4
1075,132.9,129.2,151.5,122.7,131.3
1076,175.9,132.9,129.2,151.5,122.7
1077,170.8,175.9,132.9,129.2,151.5
1078,129.5,170.8,175.9,132.9,129.2
1079,102.9,129.5,170.8,175.9,132.9
1080,89.6,102.9,129.5,170.8,175.9
1081,91.2,89.6,102.9,129.5,170.8
1082,141.3,91.2,89.6,102.9,129.5
1083,218.8,141.3,91.2,89.6,102.9
1084,221.1,218.8,141.3,91.2,89.6
1085,151.5,221.1,218.8,141.3,91.2
1086,114.7,151.5,221.1,218.8,141.3
1087,106.2,114.7,151.5,221.1,218.8
1088,135.4,106.2,114.7,151.5,221.1
1089,146.1,135.4,106.2,114.7,151.5
1090,112.9,146.1,135.4,106.2,114.7
1091,109.8,112.9,146.1,135.4,106.2
1092,115.4,109.8,112.9,146.1,135.4
1093,80.9,115.4,109.8,112.9,146.1
1094,101.0,80.9,115.4,109.8,112.9
1095,96.4,101.0,80.9,115.4,109.8
1096,123.3,96.4,101.0,80.9,115.4
1097,91.7,123.3,96.4,101.0,80.9
1098,90.4,91.7,123.3,96.4,101.0
1099,89.5,90.4,91.7,123.3,96.4
1100,40.1,89.5,90.4,91.7,123.3
1101,49.9,40.1,89.5,90.4,91.7
1102,49.6,49.9,40.1,89.5,90.4
1103,66.9,49.6,49.9,40.1,89.5
1104,112.4,66.9,49.6,49.9,40.1
1105,92.8,112.4,66.9,49.6,49.9
1106,51.4,92.8,112.4,66.9,49.6
1107,65.4,51.4,92.8,112.4,66.9
1108,60.9,65.4,51.4,92.8,112.4
1109,47.4,60.9,65.4,51.4,92.8
1110,32.9,47.4,60.9,65.4,51.4
1111,64.8,32.9,47.4,60.9,65.4
1112,34.0,64.8,32.9,47.4,60.9
1113,36.8,34.0,64.8,32.9,47.4
1114,36.2,36.8,34.0,64.8,32.9
1115,44.9,36.2,36.8,34.0,64.8
1116,41.4,44.9,36.2,36.8,34.0
1117,34.2,41.4,44.9,36.2,36.8
1118,21.0,34.2,41.4,44.9,36.2
1119,44.4,21.0,34.2,41.4,44.9
1120,30.6,44.4,21.0,34.2,41.4
1121,63.5,30.6,44.4,21.0,34.2
1122,67.5,63.5,30.6,44.4,21.0
1123,29.3,67.5,63.5,30.6,44.4
1124,22.2,29.3,67.5,63.5,30.6
1125,5.9,22.2,29.3,67.5,63.5
1126,13.9,5.9,22.2,29.3,67.5
1127,15.8,13.9,5.9,22.2,29.3
1128,35.1,15.8,13.9,5.9,22.2
1129,17.6,35.1,15.8,13.9,5.9
1130,15.9,17.6,35.1,15.8,13.9
1131,19.6,15.9,17.6,35.1,15.8
1132,6.9,19.6,15.9,17.6,35.1
1133,8.9,6.9,19.6,15.9,17.6
1134,31.7,8.9,6.9,19.6,15.9
1135,21.2,31.7,8.9,6.9,19.6
1136,15.7,21.2,31.7,8.9,6.9
1137,24.5,15.7,21.2,31.7,8.9
1138,22.5,24.5,15.7,21.2,31.7
1139,34.6,22.5,24.5,15.7,21.2
1140,19.2,34.6,22.5,24.5,15.7
1141,6.2,19.2,34.6,22.5,24.5
1142,35.2,6.2,19.2,34.6,22.5
1143,39.7,35.2,6.2,19.2,34.6
1144,11.6,39.7,35.2,6.2,19.2
1145,35.9,11.6,39.7,35.2,6.2
1146,17.9,35.9,11.6,39.7,35.2
1147,36.0,17.9,35.9,11.6,39.7
1148,42.8,36.0,17.9,35.9,11.6
1149,72.8,42.8,36.0,17.9,35.9
1150,72.1,72.8,42.8,36.0,17.9
1151,95.0,72.1,72.8,42.8,36.0
1152,79.7,95.0,72.1,72.8,42.8
1153,51.8,79.7,95.0,72.1,72.8
1154,51.0,51.8,79.7,95.0,72.1
1155,53.9,51.0,51.8,79.7,95.0
1156,49.3,53.9,51.0,51.8,79.7
1157,67.8,49.3,53.9,51.0,51.8
1158,65.7,67.8,49.3,53.9,51.0
1159,99.5,65.7,67.8,49.3,53.9
1160,64.6,99.5,65.7,67.8,49.3
1161,84.9,64.6,99.5,65.7,67.8
1162,106.5,84.9,64.6,99.5,65.7
1163,115.5,106.5,84.9,64.6,99.5
1164,99.9,115.5,106.5,84.9,64.6
1165,108.4,99.9,115.5,106.5,84.9
1166,77.5,108.4,99.9,115.5,106.5
1167,91.3,77.5,108.4,99.9,115.5
1168,178.6,91.3,77.5,108.4,99.9
1169,93.4,178.6,91.3,77.5,108.4
1170,100.6,93.4,178.6,91.3,77.5
1171,109.1,100.6,93.4,178.6,91.3
1172,104.4,109.1,100.6,93.4,178.6
1173,74.9,104.4,109.1,100.6,93.4
1174,143.0,74.9,104.4,109.1,100.6
1175,74.6,143.0,74.9,104.4,109.1
1176,125.7,74.6,143.0,74.9,104.4
1177,142.2,125.7,74.6,143.0,74.9
1178,87.1,142.2,125.7,74.6,143.0
1179,234.3,87.1,142.2,125.7,74.6
1180,268.2,234.3,87.1,142.2,125.7
1181,300.6,268.2,234.3,87.1,142.2
1182,231.5,300.6,268.2,234.3,87.1
1183,182.6,231.5,300.6,268.2,234.3
1184,265.2,182.6,231.5,300.6,268.2
1185,186.4,265.2,182.6,231.5,300.6
1186,181.2,186.4,265.2,182.6,231.5
1187,178.6,181.2,186.4,265.2,182.6
1188,170.5,178.6,181.2,186.4,265.2
1189,214.9,170.5,178.6,181.2,186.4
1190,232.0,214.9,170.5,178.6,181.2
1191,220.9,232.0,214.9,170.5,178.6
1192,167.3,220.9,232.0,214.9,170.5
1193,220.6,167.3,220.9,232.0,214.9
1194,191.0,220.6,167.3,220.9,232.0
1195,265.8,191.0,220.6,167.3,220.9
1196,298.3,265.8,191.0,220.6,167.3
1197,250.3,298.3,265.8,191.0,220.6
1198,182.7,250.3,298.3,265.8,191.0
1199,194.7,182.7,250.3,298.3,265.8
1200,153.2,194.7,182.7,250.3,298.3
1201,154.2,153.2,194.7,182.7,250.3
1202,148.2,154.2,153.2,194.7,182.7
1203,128.6,148.2,154.2,153.2,194.7
1204,178.0,128.6,148.2,154.2,153.2
1205,135.7,178.0,128.6,148.2,154.2
1206,188.2,135.7,178.0,128.6,148.2
1207,184.3,188.2,135.7,178.0,128.6
1208,148.2,184.3,188.2,135.7,178.0
1209,169.8,148.2,184.3,188.2,135.7
1210,156.8,169.8,148.2,184.3,188.2
1211,83.8,156.8,169.8,148.2,184.3
1212,117.0,83.8,156.8,169.8,148.2
1213,133.0,117.0,83.8,156.8,169.8
1214,74.3,133.0,117.0,83.8,156.8
1215,117.0,74.3,133.0,117.0,83.8
1216,163.7,117.0,74.3,133.0,117.0
1217,134.9,163.7,117.0,74.3,133.0
1218,104.1,134.9,163.7,117.0,74.3
1219,115.9,104.1,134.9,163.7,117.0
1220,143.5,115.9,104.1,134.9,163.7
1221,200.1,143.5,115.9,104.1,134.9
1222,122.8,200.1,143.5,115.9,104.1
1223,107.3,122.8,200.1,143.5,115.9
1224,118.9,107.3,122.8,200.1,143.5
1225,120.0,118.9,107.3,122.8,200.1
1226,68.6,120.0,118.9,107.3,122.8
1227,109.0,68.6,120.0,118.9,107.3
1228,128.9,109.0,68.6,120.0,118.9
1229,118.7,128.9,109.0,68.6,120.0
1230,96.8,118.7,128.9,109.0,68.6
1231,135.5,96.8,118.7,128.9,109.0
1232,129.9,135.5,96.8,118.7,128.9
1233,126.2,129.9,135.5,96.8,118.7
1234,116.2,126.2,129.9,135.5,96.8
1235,124.3,116.2,126.2,129.9,135.5
1236,104.3,124.3,116.2,126.2,129.9
1237,89.0,104.3,124.3,116.2,126.2
1238,80.0,89.0,104.3,124.3,116.2
1239,75.3,80.0,89.0,104.3,124.3
1240,71.2,75.3,80.0,89.0,104.3
1241,127.9,71.2,75.3,80.0,89.0
1242,103.1,127.9,71.2,75.3,80.0
1243,86.1,103.1,127.9,71.2,75.3
1244,77.9,86.1,103.1,127.9,71.2
1245,81.5,77.9,86.1,103.1,127.9
1246,71.6,81.5,77.9,86.1,103.1
1247,90.4,71.6,81.5,77.9,86.1
1248,65.9,90.4,71.6,81.5,77.9
1249,76.0,65.9,90.4,71.6,81.5
1250,87.2,76.0,65.9,90.4,71.6
1251,95.8,87.2,76.0,65.9,90.4
1252,63.7,95.8,87.2,76.0,65.9
1253,80.5,63.7,95.8,87.2,76.0
1254,54.7,80.5,63.7,95.8,87.2
1255,44.5,54.7,80.5,63.7,95.8
1256,29.3,44.5,54.7,80.5,63.7
1257,38.0,29.3,44.5,54.7,80.5
1258,39.4,38.0,29.3,44.5,54.7
1259,50.3,39.4,38.0,29.3,44.5
1260,45.6,50.3,39.4,38.0,29.3
1261,40.1,45.6,50.3,39.4,38.0
1262,35.5,40.1,45.6,50.3,39.4
1263,30.1,35.5,40.1,45.6,50.3
1264,42.6,30.1,35.5,40.1,45.6
1265,24.1,42.6,30.1,35.5,40.1
1266,53.5,24.1,42.6,30.1,35.5
1267,41.1,53.5,24.1,42.6,30.1
1268,23.4,41.1,53.5,24.1,42.6
1269,21.6,23.4,41.1,53.5,24.1
1270,33.0,21.6,23.4,41.1,53.5
1271,8.4,33.0,21.6,23.4,41.1
1272,17.3,8.4,33.0,21.6,23.4
1273,10.0,17.3,8.4,33.0,21.6
1274,0.7,10.0,17.3,8.4,33.0
1275,5.9,0.7,10.0,17.3,8.4
1276,0.0,5.9,0.7,10.0,17.3
1277,18.3,0.0,5.9,0.7,10.0
1278,7.9,18.3,0.0,5.9,0.7
1279,5.8,7.9,18.3,0.0,5.9
1280,1.0,5.8,7.9,18.3,0.0
1281,9.3,1.0,5.8,7.9,18.3
1282,0.7,9.3,1.0,5.8,7.9
1283,12.4,0.7,9.3,1.0,5.8
1284,0.0,12.4,0.7,9.3,1.0
1285,9.8,0.0,12.4,0.7,9.3
1286,8.8,9.8,0.0,12.4,0.7
1287,11.3,8.8,9.8,0.0,12.4
1288,8.4,11.3,8.8,9.8,0.0
1289,8.5,8.4,11.3,8.8,9.8
1290,14.7,8.5,8.4,11.3,8.8
1291,13.7,14.7,8.5,8.4,11.3
1292,26.0,13.7,14.7,8.5,8.4
1293,14.2,26.0,13.7,14.7,8.5
1294,10.0,14.2,26.0,13.7,14.7
1295,21.1,10.0,14.2,26.0,13.7
1296,54.2,21.1,10.0,14.2,26.0
1297,30.5,54.2,21.1,10.0,14.2
1298,42.2,30.5,54.2,21.1,10.0
1299,32.0,42.2,30.5,54.2,21.1
1300,80.6,32.0,42.2,30.5,54.2
1301,77.1,80.6,32.0,42.2,30.5
1302,59.6,77.1,80.6,32.0,42.2
1303,70.7,59.6,77.1,80.6,32.0
1304,74.2,70.7,59.6,77.1,80.6
1305,66.3,74.2,70.7,59.6,77.1
1306,109.2,66.3,74.2,70.7,59.6
1307,72.8,109.2,66.3,74.2,70.7
1308,78.6,72.8,109.2,66.3,74.2
1309,84.5,78.6,72.8,109.2,66.3
1310,107.7,84.5,78.6,72.8,109.2
1311,104.9,107.7,84.5,78.6,72.8
1312,152.2,104.9,107.7,84.5,78.6
1313,173.2,152.2,104.9,107.7,84.5
1314,98.6,173.2,152.2,104.9,107.7
1315,127.0,98.6,173.2,152.2,104.9
1316,159.0,127.0,98.6,173.2,152.2
1317,166.4,159.0,127.0,98.6,173.2
1318,171.5,166.4,159.0,127.0,98.6
1319,162.9,171.5,166.4,159.0,127.0
1320,172.8,162.9,171.5,166.4,159.0
1321,165.2,172.8,162.9,171.5,166.4
1322,180.7,165.2,172.8,162.9,171.5
1323,203.0,180.7,165.2,172.8,162.9
1324,200.9,203.0,180.7,165.2,172.8
1325,217.8,200.9,203.0,180.7,165.2
1326,184.6,217.8,200.9,203.0,180.7
1327,153.9,184.6,217.8,200.9,203.0
1328,156.6,153.9,184.6,217.8,200.9
1329,167.9,156.6,153.9,184.6,217.8
1330,188.0,167.9,156.6,153.9,184.6
1331,135.7,188.0,167.9,156.6,153.9
1332,203.5,135.7,188.0,167.9,156.6
1333,206.3,203.5,135.7,188.0,167.9
1334,221.9,206.3,203.5,135.7,188.0
1335,190.5,221.9,206.3,203.5,135.7
1336,175.2,190.5,221.9,206.3,203.5
1337,171.1,175.2,190.5,221.9,206.3
1338,186.0,171.1,175.2,190.5,221.9
1339,181.7,186.0,171.1,175.2,190.5
1340,118.5,181.7,186.0,171.1,175.2
1341,147.5,118.5,181.7,186.0,171.1
1342,192.0,147.5,118.5,181.7,186.0
1343,187.1,192.0,147.5,118.5,181.7
1344,107.8,187.1,192.0,147.5,118.5
1345,167.5,107.8,187.1,192.0,147.5
1346,148.2,167.5,107.8,187.1,192.0
1347,156.7,148.2,167.5,107.8,187.1
1348,151.9,156.7,148.2,167.5,107.8
1349,127.7,151.9,156.7,148.2,167.5
1350,102.0,127.7,151.9,156.7,148.2
1351,152.8,102.0,127.7,151.9,156.7
1352,119.9,152.8,102.0,127.7,151.9
1353,122.4,119.9,152.8,102.0,127.7
1354,82.7,122.4,119.9,152.8,102.0
1355,102.1,82.7,122.4,119.9,152.8
1356,122.4,102.1,82.7,122.4,119.9
1357,159.7,122.4,102.1,82.7,122.4
1358,139.5,159.7,122.4,102.1,82.7
1359,118.7,139.5,159.7,122.4,102.1
1360,126.4,118.7,139.5,159.7,122.4
1361,79.8,126.4,118.7,139.5,159.7
1362,96.0,79.8,126.4,118.7,139.5
1363,77.6,96.0,79.8,126.4,118.7
1364,91.8,77.6,96.0,79.8,126.4
1365,107.7,91.8,77.6,96.0,79.8
1366,126.0,107.7,91.8,77.6,96.0
1367,77.1,126.0,107.7,91.8,77.6
1368,102.1,77.1,126.0,107.7,91.8
1369,77.6,102.1,77.1,126.0,107.7
1370,62.0,77.6,102.1,77.1,126.0
1371,91.3,62.0,77.6,102.1,77.1
1372,41.7,91.3,62.0,77.6,102.1
1373,75.7,41.7,91.3,62.0,77.6
1374,71.6,75.7,41.7,91.3,62.0
1375,78.1,71.6,75.7,41.7,91.3
1376,109.7,78.1,71.6,75.7,41.7
1377,89.5,109.7,78.1,71.6,75.7
1378,125.9,89.5,109.7,78.1,71.6
1379,68.1,125.9,89.5,109.7,78.1
1380,77.1,68.1,125.9,89.5,109.7
1381,109.9,77.1,68.1,125.9,89.5
1382,103.8,109.9,77.1,68.1,125.9
1383,104.1,103.8,109.9,77.1,68.1
1384,54.2,104.1,103.8,109.9,77.1
1385,64.4,54.2,104.1,103.8,109.9
1386,109.3,64.4,54.2,104.1,103.8
1387,54.3,109.3,64.4,54.2,104.1
1388,92.5,54.3,109.3,64.4,54.2
1389,74.6,92.5,54.3,109.3,64.4
1390,75.0,74.6,92.5,54.3,109.3
1391,55.9,75.0,74.6,92.5,54.3
1392,65.6,55.9,75.0,74.6,92.5
1393,63.8,65.6,55.9,75.0,74.6
1394,50.8,63.8,65.6,55.9,75.0
1395,71.8,50.8,63.8,65.6,55.9
1396,41.0,71.8,50.8,63.8,65.6
1397,32.5,41.0,71.8,50.8,63.8
1398,46.7,32.5,41.0,71.8,50.8
1399,24.3,46.7,32.5,41.0,71.8
1400,60.0,24.3,46.7,32.5,41.0
1401,72.9,60.0,24.3,46.7,32.5
1402,46.6,72.9,60.0,24.3,46.7
1403,33.5,46.6,72.9,60.0,24.3
1404,24.6,33.5,46.6,72.9,60.0
1405,31.4,24.6,33.5,46.6,72.9
1406,17.6,31.4,24.6,33.5,46.6
1407,24.2,17.6,31.4,24.6,33.5
1408,13.9,24.2,17.6,31.4,24.6
1409,26.8,13.9,24.2,17.6,31.4
1410,17.2,26.8,13.9,24.2,17.6
1411,2.9,17.2,26.8,13.9,24.2
1412,0.0,2.9,17.2,26.8,13.9
1413,1.4,0.0,2.9,17.2,26.8
1414,17.4,1.4,0.0,2.9,17.2
1415,9.7,17.4,1.4,0.0,2.9
1416,5.5,9.7,17.4,1.4,0.0
1417,2.8,5.5,9.7,17.4,1.4
1418,9.5,2.8,5.5,9.7,17.4
1419,9.1,9.5,2.8,5.5,9.7
1420,18.7,9.1,9.5,2.8,5.5
1421,25.5,18.7,9.1,9.5,2.8
1422,18.1,25.5,18.7,9.1,9.5
1423,47.9,18.1,25.5,18.7,9.1
1424,25.9,47.9,18.1,25.5,18.7
1425,26.3,25.9,47.9,18.1,25.5
1426,44.0,26.3,25.9,47.9,18.1
1427,61.1,44.0,26.3,25.9,47.9
1428,44.5,61.1,44.0,26.3,25.9
1429,51.8,44.5,61.1,44.0,26.3
1430,48.3,51.8,44.5,61.1,44.0
1431,57.3,48.3,51.8,44.5,61.1
1432,78.7,57.3,48.3,51.8,44.5
1433,102.8,78.7,57.3,48.3,51.8
1434,98.7,102.8,78.7,57.3,48.3
1435,112.8,98.7,102.8,78.7,57.3
1436,101.6,112.8,98.7,102.8,78.7
1437,99.9,101.6,112.8,98.7,102.8
1438,88.0,99.9,101.6,112.8,98.7
1439,68.4,88.0,99.9,101.6,112.8
1440,173.4,68.4,88.0,99.9,101.6
1441,180.7,173.4,68.4,88.0,99.9
1442,98.8,180.7,173.4,68.4,88.0
1443,132.7,98.8,180.7,173.4,68.4
1444,134.5,132.7,98.8,180.7,173.4
1445,99.0,134.5,132.7,98.8,180.7
1446,130.2,99.0,134.5,132.7,98.8
1447,174.1,130.2,99.0,134.5,132.7
1448,129.0,174.1,130.2,99.0,134.5
1449,191.7,129.0,174.1,130.2,99.0
1450,262.7,191.7,129.0,174.1,130.2
1451,266.9,262.7,191.7,129.0,174.1
1452,293.6,266.9,262.7,191.7,129.0
1453,226.3,293.6,266.9,262.7,191.7
1454,220.9,226.3,293.6,266.9,262.7
1455,256.5,220.9,226.3,293.6,266.9
1456,226.8,256.5,220.9,226.3,293.6
1457,244.3,226.8,256.5,220.9,226.3
1458,246.0,244.3,226.8,256.5,220.9
1459,216.7,246.0,244.3,226.8,256.5
1460,147.2,216.7,246.0,244.3,226.8
1461,209.0,147.2,216.7,246.0,244.3
1462,238.7,209.0,147.2,216.7,246.0
1463,270.9,238.7,209.0,147.2,216.7
1464,242.6,270.9,238.7,209.0,147.2
1465,152.9,242.6,270.9,238.7,209.0
1466,171.8,152.9,242.6,270.9,238.7
1467,183.7,171.8,152.9,242.6,270.9
1468,133.9,183.7,171.8,152.9,242.6
1469,148.5,133.9,183.7,171.8,152.9
1470,175.7,148.5,133.9,183.7,171.8
1471,150.8,175.7,148.5,133.9,183.7
1472,132.7,150.8,175.7,148.5,133.9
1473,200.3,132.7,150.8,175.7,148.5
1474,147.5,200.3,132.7,150.8,175.7
1475,170.4,147.5,200.3,132.7,150.8
1476,179.5,170.4,147.5,200.3,132.7
1477,183.3,179.5,170.4,147.5,200.3
1478,176.0,183.3,179.5,170.4,147.5
1479,155.0,176.0,183.3,179.5,170.4
1480,191.1,155.0,176.0,183.3,179.5
1481,171.2,191.1,155.0,176.0,183.3
1482,186.8,171.2,191.1,155.0,176.0
1483,139.9,186.8,171.2,191.1,155.0
1484,144.6,139.9,186.8,171.2,191.1
1485,178.4,144.6,139.9,186.8,171.2
1486,164.0,178.4,144.6,139.9,186.8
1487,127.1,164.0,178.4,144.6,139.9
1488,80.0,127.1,164.0,178.4,144.6
1489,74.8,80.0,127.1,164.0,178.4
1490,111.7,74.8,80.0,127.1,164.0
1491,113.8,111.7,74.8,80.0,127.1
1492,78.7,113.8,111.7,74.8,80.0
1493,78.6,78.7,113.8,111.7,74.8
1494,92.5,78.6,78.7,113.8,111.7
1495,82.0,92.5,78.6,78.7,113.8
1496,101.4,82.0,92.5,78.6,78.7
1497,107.1,101.4,82.0,92.5,78.6
1498,77.5,107.1,101.4,82.0,92.5
1499,53.5,77.5,107.1,101.4,82.0
1500,74.6,53.5,77.5,107.1,101.4
1501,63.8,74.6,53.5,77.5,107.1
1502,113.2,63.8,74.6,53.5,77.5
1503,102.3,113.2,63.8,74.6,53.5
1504,46.8,102.3,113.2,63.8,74.6
1505,57.4,46.8,102.3,113.2,63.8
1506,48.2,57.4,46.8,102.3,113.2
1507,48.8,48.2,57.4,46.8,102.3
1508,24.4,48.8,48.2,57.4,46.8
1509,35.9,24.4,48.8,48.2,57.4
1510,56.4,35.9,24.4,48.8,48.2
1511,48.6,56.4,35.9,24.4,48.8
1512,19.2,48.6,56.4,35.9,24.4
1513,39.9,19.2,48.6,56.4,35.9
1514,20.9,39.9,19.2,48.6,56.4
1515,24.4,20.9,39.9,19.2,48.6
1516,4.0,24.4,20.9,39.9,19.2
1517,21.3,4.0,24.4,20.9,39.9
1518,29.6,21.3,4.0,24.4,20.9
1519,16.5,29.6,21.3,4.0,24.4
1520,23.9,16.5,29.6,21.3,4.0
1521,25.1,23.9,16.5,29.6,21.3
1522,51.1,25.1,23.9,16.5,29.6
1523,3.9,51.1,25.1,23.9,16.5
1524,8.5,3.9,51.1,25.1,23.9
1525,2.7,8.5,3.9,51.1,25.1
1526,25.5,2.7,8.5,3.9,51.1
1527,14.8,25.5,2.7,8.5,3.9
1528,16.6,14.8,25.5,2.7,8.5
1529,23.9,16.6,14.8,25.5,2.7
1530,16.6,23.9,16.6,14.8,25.5
1531,13.6,16.6,23.9,16.6,14.8
1532,40.6,13.6,16.6,23.9,16.6
1533,14.5,40.6,13.6,16.6,23.9
1534,19.9,14.5,40.6,13.6,16.6
1535,26.3,19.9,14.5,40.6,13.6
1536,36.1,26.3,19.9,14.5,40.6
1537,23.6,36.1,26.3,19.9,14.5
1538,10.0,23.6,36.1,26.3,19.9
1539,10.5,10.0,23.6,36.1,26.3
1540,28.1,10.5,10.0,23.6,36.1
1541,11.2,28.1,10.5,10.0,23.6
1542,23.6,11.2,28.1,10.5,10.0
1543,3.5,23.6,11.2,28.1,10.5
1544,5.5,3.5,23.6,11.2,28.1
1545,11.0,5.5,3.5,23.6,11.2
1546,13.1,11.0,5.5,3.5,23.6
1547,0.2,13.1,11.0,5.5,3.5
1548,9.9,0.2,13.1,11.0,5.5
1549,10.7,9.9,0.2,13.1,11.0
1550,0.2,10.7,9.9,0.2,13.1
1551,0.0,0.2,10.7,9.9,0.2
1552,8.8,0.0,0.2,10.7,9.9
1553,1.9,8.8,0.0,0.2,10.7
1554,6.8,1.9,8.8,0.0,0.2
1555,0.9,6.8,1.9,8.8,0.0
1556,1.6,0.9,6.8,1.9,8.8
1557,0.9,1.6,0.9,6.8,1.9
1558,0.0,0.9,1.6,0.9,6.8
1559,10.4,0.0,0.9,1.6,0.9
1560,4.0,10.4,0.0,0.9,1.6
1561,8.0,4.0,10.4,0.0,0.9
1562,12.6,8.0,4.0,10.4,0.0
1563,17.9,12.6,8.0,4.0,10.4
1564,10.1,17.9,12.6,8.0,4.0
1565,20.4,10.1,17.9,12.6,8.0
1566,21.9,20.4,10.1,17.9,12.6
1567,12.2,21.9,20.4,10.1,17.9
1568,40.1,12.2,21.9,20.4,10.1
1569,45.4,40.1,12.2,21.9,20.4
1570,32.1,45.4,40.1,12.2,21.9
1571,32.4,32.1,45.4,40.1,12.2
1572,39.1,32.4,32.1,45.4,40.1
1573,56.9,39.1,32.4,32.1,45.4
1574,36.5,56.9,39.1,32.4,32.1
1575,80.3,36.5,56.9,39.1,32.4
1576,110.1,80.3,36.5,56.9,39.1
1577,71.7,110.1,80.3,36.5,56.9
1578,51.1,71.7,110.1,80.3,36.5
1579,49.4,51.1,71.7,110.1,80.3
1580,60.6,49.4,51.1,71.7,110.1
1581,88.6,60.6,49.4,51.1,71.7
1582,85.8,88.6,60.6,49.4,51.1
1583,86.1,85.8,88.6,60.6,49.4
1584,72.5,86.1,85.8,88.6,60.6
1585,100.8,72.5,86.1,85.8,88.6
1586,128.2,100.8,72.5,86.1,85.8
1587,97.3,128.2,100.8,72.5,86.1
1588,88.6,97.3,128.2,100.8,72.5
1589,107.3,88.6,97.3,128.2,100.8
1590,91.5,107.3,88.6,97.3,128.2
1591,78.8,91.5,107.3,88.6,97.3
1592,75.0,78.8,91.5,107.3,88.6
1593,115.9,75.0,78.8,91.5,107.3
1594,111.5,115.9,75.0,78.8,91.5
1595,159.6,111.5,115.9,75.0,78.8
1596,106.9,159.6,111.5,115.9,75.0
1597,75.4,106.9,159.6,111.5,115.9
1598,75.7,75.4,106.9,159.6,111.5
1599,67.5,75.7,75.4,106.9,159.6
1600,96.1,67.5,75.7,75.4,106.9
1601,98.6,96.1,67.5,75.7,75.4
1602,140.6,98.6,96.1,67.5,75.7
1603,69.7,140.6,98.6,96.1,67.5
1604,101.0,69.7,140.6,98.6,96.1
1605,78.2,101.0,69.7,140.6,98.6
1606,71.3,78.2,101.0,69.7,140.6
1607,136.8,71.3,78.2,101.0,69.7
1608,52.5,136.8,71.3,78.2,101.0
1609,127.2,52.5,136.8,71.3,78.2
1610,134.4,127.2,52.5,136.8,71.3
1611,76.6,134.4,127.2,52.5,136.8
1612,87.8,76.6,134.4,127.2,52.5
1613,139.6,87.8,76.6,134.4,127.2
1614,140.8,139.6,87.8,76.6,134.4
1615,126.5,140.8,139.6,87.8,76.6
1616,152.6,126.5,140.8,139.6,87.8
1617,144.8,152.6,126.5,140.8,139.6
1618,145.8,144.8,152.6,126.5,140.8
1619,126.9,145.8,144.8,152.6,126.5
1620,110.9,126.9,145.8,144.8,152.6
1621,85.3,110.9,126.9,145.8,144.8
1622,88.5,85.3,110.9,126.9,145.8
1623,93.1,88.5,85.3,110.9,126.9
1624,103.1,93.1,88.5,85.3,110.9
1625,79.6,103.1,93.1,88.5,85.3
1626,60.9,79.6,103.1,93.1,88.5
1627,78.6,60.9,79.6,103.1,93.1
1628,71.4,78.6,60.9,79.6,103.1
1629,119.7,71.4,78.6,60.9,79.6
1630,82.9,119.7,71.4,78.6,60.9
1631,91.7,82.9,119.7,71.4,78.6
1632,121.6,91.7,82.9,119.7,71.4
1633,139.5,121.6,91.7,82.9,119.7
1634,110.9,139.5,121.6,91.7,82.9
1635,83.5,110.9,139.5,121.6,91.7
1636,66.0,83.5,110.9,139.5,121.6
1637,64.5,66.0,83.5,110.9,139.5
1638,51.6,64.5,66.0,83.5,110.9
1639,36.3,51.6,64.5,66.0,83.5
1640,49.8,36.3,51.6,64.5,66.0
1641,43.2,49.8,36.3,51.6,64.5
1642,95.5,43.2,49.8,36.3,51.6
1643,72.9,95.5,43.2,49.8,36.3
1644,51.2,72.9,95.5,43.2,49.8
1645,45.3,51.2,72.9,95.5,43.2
1646,50.4,45.3,51.2,72.9,95.5
1647,28.1,50.4,45.3,51.2,72.9
1648,35.7,28.1,50.4,45.3,51.2
1649,14.4,35.7,28.1,50.4,45.3
1650,0.6,14.4,35.7,28.1,50.4
1651,21.7,0.6,14.4,35.7,28.1
1652,17.0,21.7,0.6,14.4,35.7
1653,22.0,17.0,21.7,0.6,14.4
1654,7.1,22.0,17.0,21.7,0.6
1655,11.6,7.1,22.0,17.0,21.7
1656,33.4,11.6,7.1,22.0,17.0
1657,26.1,33.4,11.6,7.1,22.0
1658,38.9,26.1,33.4,11.6,7.1
1659,35.7,38.9,26.1,33.4,11.6
1660,12.4,35.7,38.9,26.1,33.4
1661,11.0,12.4,35.7,38.9,26.1
1662,11.5,11.0,12.4,35.7,38.9
1663,34.5,11.5,11.0,12.4,35.7
1664,21.2,34.5,11.5,11.0,12.4
1665,11.8,21.2,34.5,11.5,11.0
1666,13.1,11.8,21.2,34.5,11.5
1667,8.5,13.1,11.8,21.2,34.5
1668,11.7,8.5,13.1,11.8,21.2
1669,11.8,11.7,8.5,13.1,11.8
1670,5.0,11.8,11.7,8.5,13.1
1671,4.6,5.0,11.8,11.7,8.5
1672,14.6,4.6,5.0,11.8,11.7
1673,3.4,14.6,4.6,5.0,11.8
1674,17.9,3.4,14.6,4.6,5.0
1675,11.1,17.9,3.4,14.6,4.6
1676,1.3,11.1,17.9,3.4,14.6
1677,14.2,1.3,11.1,17.9,3.4
1678,11.1,14.2,1.3,11.1,17.9
1679,7.3,11.1,14.2,1.3,11.1
1680,4.0,7.3,11.1,14.2,1.3
1681,10.8,4.0,7.3,11.1,14.2
1682,15.8,10.8,4.0,7.3,11.1
1683,34.3,15.8,10.8,4.0,7.3
1684,10.9,34.3,15.8,10.8,4.0
1685,3.4,10.9,34.3,15.8,10.8
1686,0.3,3.4,10.9,34.3,15.8
1687,11.2,0.3,3.4,10.9,34.3
1688,8.8,11.2,0.3,3.4,10.9
1689,1.1,8.8,11.2,0.3,3.4
1690,8.5,1.1,8.8,11.2,0.3
1691,2.7,8.5,1.1,8.8,11.2
1692,7.9,2.7,8.5,1.1,8.8
1693,2.2,7.9,2.7,8.5,1.1
1694,19.3,2.2,7.9,2.7,8.5
1695,14.2,19.3,2.2,7.9,2.7
1696,28.6,14.2,19.3,2.2,7.9
1697,18.6,28.6,14.2,19.3,2.2
1698,15.9,18.6,28.6,14.2,19.3
1699,13.1,15.9,18.6,28.6,14.2
1700,22.5,13.1,15.9,18.6,28.6
1701,36.9,22.5,13.1,15.9,18.6
1702,17.2,36.9,22.5,13.1,15.9
1703,34.2,17.2,36.9,22.5,13.1
1704,68.5,34.2,17.2,36.9,22.5
1705,80.4,68.5,34.2,17.2,36.9
1706,98.0,80.4,68.5,34.2,17.2
1707,55.1,98.0,80.4,68.5,34.2
1708,89.7,55.1,98.0,80.4,68.5
1709,86.0,89.7,55.1,98.0,80.4
1710,69.8,86.0,89.7,55.1,98.0
1711,54.3,69.8,86.0,89.7,55.1
1712,115.2,54.3,69.8,86.0,89.7
1713,126.1,115.2,54.3,69.8,86.0
1714,83.3,126.1,115.2,54.3,69.8
1715,116.0,83.3,126.1,115.2,54.3
1716,132.7,116.0,83.3,126.1,115.2
1717,127.3,132.7,116.0,83.3,126.1
1718,127.6,127.3,132.7,116.0,83.3
1719,169.0,127.6,127.3,132.7,116.0
1720,104.7,169.0,127.6,127.3,132.7
1721,117.5,104.7,169.0,127.6,127.3
1722,108.9,117.5,104.7,169.0,127.6
1723,131.0,108.9,117.5,104.7,169.0
1724,125.0,131.0,108.9,117.5,104.7
1725,121.6,125.0,131.0,108.9,117.5
1726,109.5,121.6,125.0,131.0,108.9
1727,146.8,109.5,121.6,125.0,131.0
1728,141.3,146.8,109.5,121.6,125.0
1729,149.8,141.3,146.8,109.5,121.6
1730,147.6,149.8,141.3,146.8,109.5
1731,215.4,147.6,149.8,141.3,146.8
1732,129.9,215.4,147.6,149.8,141.3
1733,133.3,129.9,215.4,147.6,149.8
1734,125.2,133.3,129.9,215.4,147.6
1735,156.4,125.2,133.3,129.9,215.4
1736,138.6,156.4,125.2,133.3,129.9
1737,141.0,138.6,156.4,125.2,133.3
1738,87.1,141.0,138.6,156.4,125.2
1739,136.0,87.1,141.0,138.6,156.4
1740,168.7,136.0,87.1,141.0,138.6
1741,164.8,168.7,136.0,87.1,141.0
1742,176.7,164.8,168.7,136.0,87.1
1743,117.1,176.7,164.8,168.7,136.0
1744,110.0,117.1,176.7,164.8,168.7
1745,125.7,110.0,117.1,176.7,164.8
1746,94.3,125.7,110.0,117.1,176.7
1747,100.1,94.3,125.7,110.0,117.1
1748,105.4,100.1,94.3,125.7,110.0
1749,112.0,105.4,100.1,94.3,125.7
1750,101.6,112.0,105.4,100.1,94.3
1751,128.2,101.6,112.0,105.4,100.1
1752,112.5,128.2,101.6,112.0,105.4
1753,119.1,112.5,128.2,101.6,112.0
1754,79.7,119.1,112.5,128.2,101.6
1755,114.9,79.7,119.1,112.5,128.2
1756,96.1,114.9,79.7,119.1,112.5
1757,113.2,96.1,114.9,79.7,119.1
1758,78.6,113.2,96.1,114.9,79.7
1759,117.9,78.6,113.2,96.1,114.9
1760,48.4,117.9,78.6,113.2,96.1
1761,95.7,48.4,117.9,78.6,113.2
1762,86.5,95.7,48.4,117.9,78.6
1763,73.0,86.5,95.7,48.4,117.9
1764,46.1,73.0,86.5,95.7,48.4
1765,81.7,46.1,73.0,86.5,95.7
1766,75.2,81.7,46.1,73.0,86.5
1767,45.4,75.2,81.7,46.1,73.0
1768,102.2,45.4,75.2,81.7,46.1
1769,47.9,102.2,45.4,75.2,81.7
1770,63.3,47.9,102.2,45.4,75.2
1771,71.0,63.3,47.9,102.2,45.4
1772,67.6,71.0,63.3,47.9,102.2
1773,49.0,67.6,71.0,63.3,47.9
1774,48.7,49.0,67.6,71.0,63.3
1775,51.7,48.7,49.0,67.6,71.0
1776,33.3,51.7,48.7,49.0,67.6
1777,18.9,33.3,51.7,48.7,49.0
1778,46.1,18.9,33.3,51.7,48.7
1779,36.4,46.1,18.9,33.3,51.7
1780,80.4,36.4,46.1,18.9,33.3
1781,23.9,80.4,36.4,46.1,18.9
1782,14.0,23.9,80.4,36.4,46.1
1783,55.5,14.0,23.9,80.4,36.4
1784,50.4,55.5,14.0,23.9,80.4
1785,60.7,50.4,55.5,14.0,23.9
1786,63.9,60.7,50.4,55.5,14.0
1787,24.2,63.9,60.7,50.4,55.5
1788,43.0,24.2,63.9,60.7,50.4
1789,37.1,43.0,24.2,63.9,60.7
1790,15.0,37.1,43.0,24.2,63.9
1791,52.3,15.0,37.1,43.0,24.2
1792,58.1,52.3,15.0,37.1,43.0
1793,57.1,58.1,52.3,15.0,37.1
1794,51.6,57.1,58.1,52.3,15.0
1795,21.1,51.6,57.1,58.1,52.3
1796,32.4,21.1,51.6,57.1,58.1
1797,15.3,32.4,21.1,51.6,57.1
1798,30.3,15.3,32.4,21.1,51.6
1799,23.6,30.3,15.3,32.4,21.1
1800,12.9,23.6,30.3,15.3,32.4
1801,34.1,12.9,23.6,30.3,15.3
1802,22.5,34.1,12.9,23.6,30.3
1803,4.9,22.5,34.1,12.9,23.6
1804,14.0,4.9,22.5,34.1,12.9
1805,21.7,14.0,4.9,22.5,34.1
1806,13.0,21.7,14.0,4.9,22.5
1807,17.6,13.0,21.7,14.0,4.9
1808,15.7,17.6,13.0,21.7,14.0
1809,22.8,15.7,17.6,13.0,21.7
1810,14.4,22.8,15.7,17.6,13.0
1811,26.8,14.4,22.8,15.7,17.6
1812,25.3,26.8,14.4,22.8,15.7
1813,20.1,25.3,26.8,14.4,22.8
1814,13.9,20.1,25.3,26.8,14.4
1815,7.1,13.9,20.1,25.3,26.8
1816,13.9,7.1,13.9,20.1,25.3
1817,21.6,13.9,7.1,13.9,20.1
1818,7.5,21.6,13.9,7.1,13.9
1819,0.5,7.5,21.6,13.9,7.1
1820,0.4,0.5,7.5,21.6,13.9
1821,4.0,0.4,0.5,7.5,21.6
1822,7.4,4.0,0.4,0.5,7.5
1823,0.0,7.4,4.0,0.4,0.5
1824,17.0,0.0,7.4,4.0,0.4
1825,9.7,17.0,0.0,7.4,4.0
1826,1.2,9.7,17.0,0.0,7.4
1827,1.7,1.2,9.7,17.0,0.0
1828,0.9,1.7,1.2,9.7,17.0
1829,6.3,0.9,1.7,1.2,9.7
1830,6.4,6.3,0.9,1.7,1.2
1831,0.0,6.4,6.3,0.9,1.7
1832,9.3,0.0,6.4,6.3,0.9
1833,0.0,9.3,0.0,6.4,6.3
1834,20.7,0.0,9.3,0.0,6.4
1835,0.0,20.7,0.0,9.3,0.0
1836,4.7,0.0,20.7,0.0,9.3
1837,2.4,4.7,0.0,20.7,0.0
1838,1.5,2.4,4.7,0.0,20.7
1839,3.8,1.5,2.4,4.7,0.0
1840,12.6,3.8,1.5,2.4,4.7
1841,27.2,12.6,3.8,1.5,2.4
1842,17.2,27.2,12.6,3.8,1.5
1843,1.8,17.2,27.2,12.6,3.8
1844,13.9,1.8,17.2,27.2,12.6
1845,28.4,13.9,1.8,17.2,27.2
1846,22.5,28.4,13.9,1.8,17.2
1847,43.5,22.5,28.4,13.9,1.8
1848,24.3,43.5,22.5,28.4,13.9
1849,27.2,24.3,43.5,22.5,28.4
1850,46.4,27.2,24.3,43.5,22.5
1851,48.0,46.4,27.2,24.3,43.5
1852,18.5,48.0,46.4,27.2,24.3
1853,64.8,18.5,48.0,46.4,27.2
1854,74.2,64.8,18.5,48.0,46.4
1855,76.2,74.2,64.8,18.5,48.0
1856,52.6,76.2,74.2,64.8,18.5
1857,40.8,52.6,76.2,74.2,64.8
1858,61.9,40.8,52.6,76.2,74.2
1859,71.6,61.9,40.8,52.6,76.2
1860,65.7,71.6,61.9,40.8,52.6
1861,69.8,65.7,71.6,61.9,40.8
1862,84.3,69.8,65.7,71.6,61.9
1863,97.1,84.3,69.8,65.7,71.6
1864,50.2,97.1,84.3,69.8,65.7
1865,90.4,50.2,97.1,84.3,69.8
1866,63.4,90.4,50.2,97.1,84.3
1867,91.1,63.4,90.4,50.2,97.1
1868,91.2,91.1,63.4,90.4,50.2
1869,143.0,91.2,91.1,63.4,90.4
1870,94.3,143.0,91.2,91.1,63.4
1871,65.5,94.3,143.0,91.2,91.1
1872,79.9,65.5,94.3,143.0,91.2
1873,81.6,79.9,65.5,94.3,143.0
1874,121.6,81.6,79.9,65.5,94.3
1875,98.1,121.6,81.6,79.9,65.5
1876,91.8,98.1,121.6,81.6,79.9
1877,131.2,91.8,98.1,121.6,81.6
1878,178.7,131.2,91.8,98.1,121.6
1879,92.5,178.7,131.2,91.8,98.1
1880,75.8,92.5,178.7,131.2,91.8
1881,52.3,75.8,92.5,178.7,131.2
1882,107.4,52.3,75.8,92.5,178.7
1883,92.2,107.4,52.3,75.8,92.5
1884,96.2,92.2,107.4,52.3,75.8
1885,105.3,96.2,92.2,107.4,52.3
1886,172.7,105.3,96.2,92.2,107.4
1887,79.6,172.7,105.3,96.2,92.2
1888,93.5,79.6,172.7,105.3,96.2
1889,29.7,93.5,79.6,172.7,105.3
1890,64.8,29.7,93.5,79.6,172.7
1891,108.0,64.8,29.7,93.5,79.6
1892,127.4,108.0,64.8,29.7,93.5
1893,180.3,127.4,108.0,64.8,29.7
1894,101.1,180.3,127.4,108.0,64.8
1895,87.6,101.1,180.3,127.4,108.0
1896,71.4,87.6,101.1,180.3,127.4
1897,67.2,71.4,87.6,101.1,180.3
1898,82.9,67.2,71.4,87.6,101.1
1899,90.5,82.9,67.2,71.4,87.6
1900,141.7,90.5,82.9,67.2,71.4
1901,109.1,141.7,90.5,82.9,67.2
1902,102.5,109.1,141.7,90.5,82.9
1903,78.9,102.5,109.1,141.7,90.5
1904,65.4,78.9,102.5,109.1,141.7
1905,56.6,65.4,78.9,102.5,109.1
1906,47.9,56.6,65.4,78.9,102.5
1907,96.1,47.9,56.6,65.4,78.9
1908,68.0,96.1,47.9,56.6,65.4
1909,80.2,68.0,96.1,47.9,56.6
1910,65.8,80.2,68.0,96.1,47.9
1911,150.9,65.8,80.2,68.0,96.1
1912,144.9,150.9,65.8,80.2,68.0
1913,53.9,144.9,150.9,65.8,80.2
1914,75.9,53.9,144.9,150.9,65.8
1915,65.9,75.9,53.9,144.9,150.9
1916,94.6,65.9,75.9,53.9,144.9
1917,77.6,94.6,65.9,75.9,53.9
1918,110.5,77.6,94.6,65.9,75.9
1919,53.7,110.5,77.6,94.6,65.9
1920,60.0,53.7,110.5,77.6,94.6
1921,37.8,60.0,53.7,110.5,77.6
1922,59.6,37.8,60.0,53.7,110.5
1923,38.5,59.6,37.8,60.0,53.7
1924,64.7,38.5,59.6,37.8,60.0
1925,97.4,64.7,38.5,59.6,37.8
1926,93.0,97.4,64.7,38.5,59.6
1927,90.2,93.0,97.4,64.7,38.5
1928,44.0,90.2,93.0,97.4,64.7
1929,52.5,44.0,90.2,93.0,97.4
1930,35.7,52.5,44.0,90.2,93.0
1931,14.1,35.7,52.5,44.0,90.2
1932,36.9,14.1,35.7,52.5,44.0
1933,20.5,36.9,14.1,35.7,52.5
1934,23.5,20.5,36.9,14.1,35.7
1935,19.3,23.5,20.5,36.9,14.1
1936,43.7,19.3,23.5,20.5,36.9
1937,63.9,43.7,19.3,23.5,20.5
1938,8.3,63.9,43.7,19.3,23.5
1939,9.6,8.3,63.9,43.7,19.3
1940,5.6,9.6,8.3,63.9,43.7
1941,15.0,5.6,9.6,8.3,63.9
1942,13.0,15.0,5.6,9.6,8.3
1943,27.6,13.0,15.0,5.6,9.6
1944,15.1,27.6,13.0,15.0,5.6
1945,3.7,15.1,27.6,13.0,15.0
1946,5.9,3.7,15.1,27.6,13.0
1947,6.7,5.9,3.7,15.1,27.6
1948,6.7,6.7,5.9,3.7,15.1
1949,4.5,6.7,6.7,5.9,3.7
1950,7.0,4.5,6.7,6.7,5.9
1951,3.7,7.0,4.5,6.7,6.7
1952,0.4,3.7,7.0,4.5,6.7
1953,0.0,0.4,3.7,7.0,4.5
1954,8.2,0.0,0.4,3.7,7.0
1955,7.6,8.2,0.0,0.4,3.7
1956,7.4,7.6,8.2,0.0,0.4
1957,6.9,7.4,7.6,8.2,0.0
1958,4.9,6.9,7.4,7.6,8.2
1959,0.5,4.9,6.9,7.4,7.6
1960,15.9,0.5,4.9,6.9,7.4
1961,7.6,15.9,0.5,4.9,6.9
1962,1.9,7.6,15.9,0.5,4.9
1963,10.6,1.9,7.6,15.9,0.5
1964,3.8,10.6,1.9,7.6,15.9
1965,4.8,3.8,10.6,1.9,7.6
1966,0.8,4.8,3.8,10.6,1.9
1967,1.6,0.8,4.8,3.8,10.6
1968,0.0,1.6,0.8,4.8,3.8
1969,0.0,0.0,1.6,0.8,4.8
1970,2.9,0.0,0.0,1.6,0.8
1971,0.4,2.9,0.0,0.0,1.6
1972,2.0,0.4,2.9,0.0,0.0
1973,5.2,2.0,0.4,2.9,0.0
1974,1.2,5.2,2.0,0.4,2.9
1975,6.3,1.2,5.2,2.0,0.4
1976,4.7,6.3,1.2,5.2,2.0
1977,4.4,4.7,6.3,1.2,5.2
1978,5.3,4.4,4.7,6.3,1.2
1979,28.9,5.3,4.4,4.7,6.3
1980,8.7,28.9,5.3,4.4,4.7
1981,19.1,8.7,28.9,5.3,4.4
1982,9.1,19.1,8.7,28.9,5.3
1983,12.9,9.1,19.1,8.7,28.9
1984,21.2,12.9,9.1,19.1,8.7
1985,13.7,21.2,12.9,9.1,19.1
1986,27.3,13.7,21.2,12.9,9.1
1987,37.3,27.3,13.7,21.2,12.9
1988,38.5,37.3,27.3,13.7,21.2
1989,70.4,38.5,37.3,27.3,13.7
1990,64.8,70.4,38.5,37.3,27.3
1991,68.9,64.8,70.4,38.5,37.3
1992,55.1,68.9,64.8,70.4,38.5
1993,114.7,55.1,68.9,64.8,70.4
1994,119.4,114.7,55.1,68.9,64.8
1995,116.0,119.4,114.7,55.1,68.9
1996,82.4,116.0,119.4,114.7,55.1
1997,89.1,82.4,116.0,119.4,114.7
1998,70.9,89.1,82.4,116.0,119.4
1999,57.5,70.9,89.1,82.4,116.0
2000,75.5,57.5,70.9,89.1,82.4
2001,92.4,75.5,57.5,70.9,89.1
2002,111.7,92.4,75.5,57.5,70.9
2003,119.8,111.7,92.4,75.5,57.5
2004,124.0,119.8,111.7,92.4,75.5
2005,112.9,124.0,119.8,111.7,92.4
2006,89.3,112.9,124.0,119.8,111.7
2007,58.6,89.3,112.9,124.0,119.8
2008,75.1,58.6,89.3,112.9,124.0
2009,84.5,75.1,58.6,89.3,112.9
2010,109.5,84.5,75.1,58.6,89.3
2011,88.3,109.5,84.5,75.1,58.6
2012,124.5,88.3,109.5,84.5,75.1
2013,119.9,124.5,88.3,109.5,84.5
2014,158.0,119.9,124.5,88.3,109.5
2015,124.6,158.0,119.9,124.5,88.3
2016,190.2,124.6,158.0,119.9,124.5
2017,191.4,190.2,124.6,158.0,119.9
2018,199.7,191.4,190.2,124.6,158.0
2019,257.7,199.7,191.4,190.2,124.6
2020,215.6,257.7,199.7,191.4,190.2
2021,120.3,215.6,257.7,199.7,191.4
2022,160.7,120.3,215.6,257.7,199.7
2023,215.5,160.7,120.3,215.6,257.7
2024,160.0,215.5,160.7,120.3,215.6
2025,108.7,160.0,215.5,160.7,120.3
2026,120.4,108.7,160.0,215.5,160.7
2027,134.1,120.4,108.7,160.0,215.5
2028,127.9,134.1,120.4,108.7,160.0
2029,99.0,127.9,134.1,120.4,108.7
2030,179.5,99.0,127.9,134.1,120.4
2031,169.6,179.5,99.0,127.9,134.1
2032,133.2,169.6,179.5,99.0,127.9
2033,141.7,133.2,169.6,179.5,99.0
2034,139.0,141.7,133.2,169.6,179.5
2035,98.5,139.0,141.7,133.2,169.6
2036,80.2,98.5,139.0,141.7,133.2
2037,132.5,80.2,98.5,139.0,141.7
2038,110.9,132.5,80.2,98.5,139.0
2039,86.3,110.9,132.5,80.2,98.5
2040,146.9,86.3,110.9,132.5,80.2
2041,185.3,146.9,86.3,110.9,132.5
2042,107.8,185.3,146.9,86.3,110.9
2043,115.1,107.8,185.3,146.9,86.3
2044,91.1,115.1,107.8,185.3,146.9
2045,88.0,91.1,115.1,107.8,185.3
2046,69.9,88.0,91.1,115.1,107.8
2047,58.0,69.9,88.0,91.1,115.1
2048,85.3,58.0,69.9,88.0,91.1
2049,89.8,85.3,58.0,69.9,88.0
2050,116.9,89.8,85.3,58.0,69.9
2051,24.7,116.9,89.8,85.3,58.0
2052,55.4,24.7,116.9,89.8,85.3
2053,64.6,55.4,24.7,116.9,89.8
2054,45.7,64.6,55.4,24.7,116.9
2055,31.9,45.7,64.6,55.4,24.7
2056,60.5,31.9,45.7,64.6,55.4
2057,82.7,60.5,31.9,45.7,64.6
2058,45.3,82.7,60.5,31.9,45.7
2059,49.8,45.3,82.7,60.5,31.9
2060,52.5,49.8,45.3,82.7,60.5
2061,47.1,52.5,49.8,45.3,82.7
2062,44.5,47.1,52.5,49.8,45.3
2063,54.0,44.5,47.1,52.5,49.8
2064,37.0,54.0,44.5,47.1,52.5
2065,56.2,37.0,54.0,44.5,47.1
2066,69.7,56.2,37.0,54.0,44.5
2067,38.0,69.7,56.2,37.0,54.0
2068,29.6,38.0,69.7,56.2,37.0
2069,30.3,29.6,38.0,69.7,56.2
2070,29.6,30.3,29.6,38.0,69.7
2071,33.9,29.6,30.3,29.6,38.0
2072,19.7,33.9,29.6,30.3,29.6
2073,43.9,19.7,33.9,29.6,30.3
2074,91.3,43.9,19.7,33.9,29.6
2075,18.3,91.3,43.9,19.7,33.9
2076,13.4,18.3,91.3,43.9,19.7
2077,9.8,13.4,18.3,91.3,43.9
2078,18.3,9.8,13.4,18.3,91.3
2079,10.9,18.3,9.8,13.4,18.3
2080,7.8,10.9,18.3,9.8,13.4
2081,10.4,7.8,10.9,18.3,9.8
2082,12.2,10.4,7.8,10.9,18.3
2083,29.0,12.2,10.4,7.8,10.9
2084,7.5,29.0,12.2,10.4,7.8
2085,2.5,7.5,29.0,12.2,10.4
2086,5.5,2.5,7.5,29.0,12.2
2087,10.2,5.5,2.5,7.5,29.0
2088,5.3,10.2,5.5,2.5,7.5
2089,15.3,5.3,10.2,5.5,2.5
2090,5.9,15.3,5.3,10.2,5.5
2091,0.8,5.9,15.3,5.3,10.2
2092,22.1,0.8,5.9,15.3,5.3
2093,19.5,22.1,0.8,5.9,15.3
2094,16.7,19.5,22.1,0.8,5.9
2095,4.6,16.7,19.5,22.1,0.8
2096,0.8,4.6,16.7,19.5,22.1
2097,8.5,0.8,4.6,16.7,19.5
2098,3.0,8.5,0.8,4.6,16.7
2099,18.9,3.0,8.5,0.8,4.6
2100,34.6,18.9,3.0,8.5,0.8
2101,40.0,34.6,18.9,3.0,8.5
2102,46.9,40.0,34.6,18.9,3.0
2103,32.1,46.9,40.0,34.6,18.9
2104,41.9,32.1,46.9,40.0,34.6
2105,42.6,41.9,32.1,46.9,40.0
2106,37.5,42.6,41.9,32.1,46.9
2107,27.5,37.5,42.6,41.9,32.1
2108,9.1,27.5,37.5,42.6,41.9
2109,38.6,9.1,27.5,37.5,42.6
2110,30.0,38.6,9.1,27.5,37.5
2111,53.0,30.0,38.6,9.1,27.5
2112,71.4,53.0,30.0,38.6,9.1
2113,79.1,71.4,53.0,30.0,38.6
2114,64.2,79.1,71.4,53.0,30.0
2115,63.3,64.2,79.1,71.4,53.0
2116,100.3,63.3,64.2,79.1,71.4
2117,115.3,100.3,63.3,64.2,79.1
2118,97.6,115.3,100.3,63.3,64.2
2119,164.4,97.6,115.3,100.3,63.3
2120,119.7,164.4,97.6,115.3,100.3
2121,116.4,119.7,164.4,97.6,115.3
2122,104.2,116.4,119.7,164.4,97.6
2123,64.2,104.2,116.4,119.7,164.4
2124,107.0,64.2,104.2,116.4,119.7
2125,122.4,107.0,64.2,104.2,116.4
2126,87.2,122.4,107.0,64.2,104.2
2127,102.7,87.2,122.4,107.0,64.2
2128,101.4,102.7,87.2,122.4,107.0
2129,119.3,101.4,102.7,87.2,122.4
2130,100.8,119.3,101.4,102.7,87.2
2131,132.4,100.8,119.3,101.4,102.7
2132,136.0,132.4,100.8,119.3,101.4
2133,155.1,136.0,132.4,100.8,119.3
2134,116.1,155.1,136.0,132.4,100.8
2135,155.8,116.1,155.1,136.0,132.4
2136,131.9,155.8,116.1,155.1,136.0
2137,98.5,131.9,155.8,116.1,155.1
2138,91.6,98.5,131.9,155.8,116.1
2139,89.6,91.6,98.5,131.9,155.8
2140,114.1,89.6,91.6,98.5,131.9
2141,105.2,114.1,89.6,91.6,98.5
2142,112.1,105.2,114.1,89.6,91.6
2143,75.3,112.1,105.2,114.1,89.6
2144,139.2,75.3,112.1,105.2,114.1
2145,122.4,139.2,75.3,112.1,105.2
2146,142.4,122.4,139.2,75.3,112.1
2147,134.3,142.4,122.4,139.2,75.3
2148,128.3,134.3,142.4,122.4,139.2
2149,152.4,128.3,134.3,142.4,122.4
2150,163.4,152.4,128.3,134.3,142.4
2151,139.6,163.4,152.4,128.3,134.3
2152,149.6,139.6,163.4,152.4,128.3
2153,102.3,149.6,139.6,163.4,152.4
2154,83.9,102.3,149.6,139.6,163.4
2155,98.3,83.9,102.3,149.6,139.6
2156,114.8,98.3,83.9,102.3,149.6
2157,104.7,114.8,98.3,83.9,102.3
2158,83.8,104.7,114.8,98.3,83.9
2159,87.9,83.8,104.7,114.8,98.3
2160,97.0,87.9,83.8,104.7,114.8
2161,119.9,97.0,87.9,83.8,104.7
2162,117.1,119.9,97.0,87.9,83.8
2163,109.6,117.1,119.9,97.0,87.9
2164,57.3,109.6,117.1,119.9,97.0
2165,90.1,57.3,109.6,117.1,119.9
2166,135.1,90.1,57.3,109.6,117.1
2167,179.9,135.1,90.1,57.3,109.6
2168,108.8,179.9,135.1,90.1,57.3
2169,83.1,108.8,179.9,135.1,90.1
2170,58.4,83.1,108.8,179.9,135.1
2171,63.7,58.4,83.1,108.8,179.9
2172,61.4,63.7,58.4,83.1,108.8
2173,48.0,61.4,63.7,58.4,83.1
2174,36.5,48.0,61.4,63.7,58.4
2175,41.5,36.5,48.0,61.4,63.7
2176,53.5,41.5,36.5,48.0,61.4
2177,57.2,53.5,41.5,36.5,48.0
2178,59.4,57.2,53.5,41.5,36.5
2179,43.0,59.4,57.2,53.5,41.5
2180,24.4,43.0,59.4,57.2,53.5
2181,71.8,24.4,43.0,59.4,57.2
2182,50.1,71.8,24.4,43.0,59.4
2183,52.0,50.1,71.8,24.4,43.0
2184,40.8,52.0,50.1,71.8,24.4
2185,25.5,40.8,52.0,50.1,71.8
2186,29.0,25.5,40.8,52.0,50.1
2187,21.6,29.0,25.5,40.8,52.0
2188,31.7,21.6,29.0,25.5,40.8
2189,16.6,31.7,21.6,29.0,25.5
2190,31.2,16.6,31.7,21.6,29.0
2191,29.7,31.2,16.6,31.7,21.6
2192,20.1,29.7,31.2,16.6,31.7
2193,17.6,20.1,29.7,31.2,16.6
2194,18.8,17.6,20.1,29.7,31.2
2195,18.7,18.8,17.6,20.1,29.7
2196,29.7,18.7,18.8,17.6,20.1
2197,36.9,29.7,18.7,18.8,17.6
2198,16.0,36.9,29.7,18.7,18.8
2199,11.3,16.0,36.9,29.7,18.7
2200,6.6,11.3,16.0,36.9,29.7
2201,14.8,6.6,11.3,16.0,36.9
2202,13.7,14.8,6.6,11.3,16.0
2203,18.5,13.7,14.8,6.6,11.3
2204,20.4,18.5,13.7,14.8,6.6
2205,36.9,20.4,18.5,13.7,14.8
2206,16.8,36.9,20.4,18.5,13.7
2207,4.9,16.8,36.9,20.4,18.5
2208,5.3,4.9,16.8,36.9,20.4
2209,8.7,5.3,4.9,16.8,36.9
2210,4.7,8.7,5.3,4.9,16.8
2211,0.4,4.7,8.7,5.3,4.9
2212,8.5,0.4,4.7,8.7,5.3
2213,5.0,8.5,0.4,4.7,8.7
2214,1.0,5.0,8.5,0.4,4.7
2215,0.4,1.0,5.0,8.5,0.4
2216,5.7,0.4,1.0,5.0,8.5
2217,12.9,5.7,0.4,1.0,5.0
2218,7.2,12.9,5.7,0.4,1.0
2219,18.8,7.2,12.9,5.7,0.4
2220,32.9,18.8,7.2,12.9,5.7
2221,11.2,32.9,18.8,7.2,12.9
2222,15.3,11.2,32.9,18.8,7.2
2223,13.9,15.3,11.2,32.9,18.8
2224,6.7,13.9,15.3,11.2,32.9
2225,9.5,6.7,13.9,15.3,11.2
2226,14.5,9.5,6.7,13.9,15.3
2227,25.7,14.5,9.5,6.7,13.9
2228,31.1,25.7,14.5,9.5,6.7
2229,34.1,31.1,25.7,14.5,9.5
2230,38.5,34.1,31.1,25.7,14.5
2231,20.4,38.5,34.1,31.1,25.7
2232,45.4,20.4,38.5,34.1,31.1
2233,76.2,45.4,20.4,38.5,34.1
2234,56.5,76.2,45.4,20.4,38.5
2235,50.2,56.5,76.2,45.4,20.4
2236,70.1,50.2,56.5,76.2,45.4
2237,88.7,70.1,50.2,56.5,76.2
2238,107.0,88.7,70.1,50.2,56.5
2239,102.5,107.0,88.7,70.1,50.2
2240,104.7,102.5,107.0,88.7,70.1
2241,123.9,104.7,102.5,107.0,88.7
2242,128.4,123.9,104.7,102.5,107.0
2243,124.8,128.4,123.9,104.7,102.5
2244,90.9,124.8,128.4,123.9,104.7
2245,116.7,90.9,124.8,128.4,123.9
2246,87.2,116.7,90.9,124.8,128.4
2247,145.0,87.2,116.7,90.9,124.8
2248,126.7,145.0,87.2,116.7,90.9
2249,148.2,126.7,145.0,87.2,116.7
2250,192.3,148.2,126.7,145.0,87.2
2251,205.6,192.3,148.2,126.7,145.0
2252,220.9,205.6,192.3,148.2,126.7
2253,214.1,220.9,205.6,192.3,148.2
2254,139.7,214.1,220.9,205.6,192.3
2255,182.2,139.7,214.1,220.9,205.6
2256,194.4,182.2,139.7,214.1,220.9
2257,217.1,194.4,182.2,139.7,214.1
2258,241.8,217.1,194.4,182.2,139.7
2259,229.5,241.8,217.1,194.4,182.2
2260,167.9,229.5,241.8,217.1,194.4
2261,208.2,167.9,229.5,241.8,217.1
2262,123.9,208.2,167.9,229.5,241.8
2263,147.9,123.9,208.2,167.9,229.5
2264,164.0,147.9,123.9,208.2,167.9
2265,198.6,164.0,147.9,123.9,208.2
2266,144.2,198.6,164.0,147.9,123.9
2267,168.4,144.2,198.6,164.0,147.9
2268,212.3,168.4,144.2,198.6,164.0
2269,162.6,212.3,168.4,144.2,198.6
2270,275.6,162.6,212.3,168.4,144.2
2271,192.8,275.6,162.6,212.3,168.4
2272,149.3,192.8,275.6,162.6,212.3
2273,165.3,149.3,192.8,275.6,162.6
2274,203.6,165.3,149.3,192.8,275.6
2275,154.7,203.6,165.3,149.3,192.8
2276,133.9,154.7,203.6,165.3,149.3
2277,129.0,133.9,154.7,203.6,165.3
2278,107.8,129.0,133.9,154.7,203.6
2279,181.9,107.8,129.0,133.9,154.7
2280,197.3,181.9,107.8,129.0,133.9
2281,168.3,197.3,181.9,107.8,129.0
2282,162.6,168.3,197.3,181.9,107.8
2283,176.3,162.6,168.3,197.3,181.9
2284,187.7,176.3,162.6,168.3,197.3
2285,146.9,187.7,176.3,162.6,168.3
2286,113.7,146.9,187.7,176.3,162.6
2287,70.2,113.7,146.9,187.7,176.3
2288,84.1,70.2,113.7,146.9,187.7
2289,99.1,84.1,70.2,113.7,146.9
2290,138.9,99.1,84.1,70.2,113.7
2291,101.1,138.9,99.1,84.1,70.2
2292,90.6,101.1,138.9,99.1,84.1
2293,139.8,90.6,101.1,138.9,99.1
2294,112.5,139.8,90.6,101.1,138.9
2295,175.9,112.5,139.8,90.6,101.1
2296,110.8,175.9,112.5,139.8,90.6
2297,91.5,110.8,175.9,112.5,139.8
2298,97.4,91.5,110.8,175.9,112.5
2299,113.8,97.4,91.5,110.8,175.9
2300,76.1,113.8,97.4,91.5,110.8
2301,74.3,76.1,113.8,97.4,91.5
2302,77.5,74.3,76.1,113.8,97.4
2303,54.6,77.5,74.3,76.1,113.8
2304,49.0,54.6,77.5,74.3,76.1
2305,99.6,49.0,54.6,77.5,74.3
2306,111.4,99.6,49.0,54.6,77.5
2307,100.1,111.4,99.6,49.0,54.6
2308,109.8,100.1,111.4,99.6,49.0
2309,77.2,109.8,100.1,111.4,99.6
2310,64.0,77.2,109.8,100.1,111.4
2311,56.2,64.0,77.2,109.8,100.1
2312,59.5,56.2,64.0,77.2,109.8
2313,87.9,59.5,56.2,64.0,77.2
2314,90.4,87.9,59.5,56.2,64.0
2315,101.2,90.4,87.9,59.5,56.2
2316,41.8,101.2,90.4,87.9,59.5
2317,18.9,41.8,101.2,90.4,87.9
2318,29.6,18.9,41.8,101.2,90.4
2319,33.7,29.6,18.9,41.8,101.2
2320,28.7,33.7,29.6,18.9,41.8
2321,32.0,28.7,33.7,29.6,18.9
2322,51.3,32.0,28.7,33.7,29.6
2323,37.6,51.3,32.0,28.7,33.7
2324,20.7,37.6,51.3,32.0,28.7
2325,48.1,20.7,37.6,51.3,32.0
2326,45.7,48.1,20.7,37.6,51.3
2327,43.5,45.7,48.1,20.7,37.6
2328,23.6,43.5,45.7,48.1,20.7
2329,12.7,23.6,43.5,45.7,48.1
2330,22.0,12.7,23.6,43.5,45.7
2331,32.3,22.0,12.7,23.6,43.5
2332,16.7,32.3,22.0,12.7,23.6
2333,13.0,16.7,32.3,22.0,12.7
2334,17.0,13.0,16.7,32.3,22.0
2335,31.4,17.0,13.0,16.7,32.3
2336,6.1,31.4,17.0,13.0,16.7
2337,0.8,6.1,31.4,17.0,13.0
2338,18.3,0.8,6.1,31.4,17.0
2339,0.4,18.3,0.8,6.1,31.4
2340,4.1,0.4,18.3,0.8,6.1
2341,8.2,4.1,0.4,18.3,0.8
2342,8.5,8.2,4.1,0.4,18.3
2343,27.9,8.5,8.2,4.1,0.4
2344,23.7,27.9,8.5,8.2,4.1
2345,28.1,23.7,27.9,8.5,8.2
2346,17.9,28.1,23.7,27.9,8.5
2347,47.4,17.9,28.1,23.7,27.9
2348,30.8,47.4,17.9,28.1,23.7
2349,21.2,30.8,47.4,17.9,28.1
2350,35.9,21.2,30.8,47.4,17.9
2351,53.4,35.9,21.2,30.8,47.4
2352,51.0,53.4,35.9,21.2,30.8
2353,60.2,51.0,53.4,35.9,21.2
2354,71.0,60.2,51.0,53.4,35.9
2355,43.1,71.0,60.2,51.0,53.4
2356,58.1,43.1,71.0,60.2,51.0
2357,114.5,58.1,43.1,71.0,60.2
2358,76.6,114.5,58.1,43.1,71.0
2359,45.7,76.6,114.5,58.1,43.1
2360,79.3,45.7,76.6,114.5,58.1
2361,143.8,79.3,45.7,76.6,114.5
2362,127.7,143.8,79.3,45.7,76.6
2363,126.1,127.7,143.8,79.3,45.7
2364,141.6,126.1,127.7,143.8,79.3
2365,122.6,141.6,126.1,127.7,143.8
2366,193.7,122.6,141.6,126.1,127.7
2367,178.7,193.7,122.6,141.6,126.1
2368,157.4,178.7,193.7,122.6,141.6
2369,170.5,157.4,178.7,193.7,122.6
2370,206.3,170.5,157.4,178.7,193.7
2371,202.9,206.3,170.5,157.4,178.7
2372,163.7,202.9,206.3,170.5,157.4
2373,188.9,163.7,202.9,206.3,170.5
2374,183.8,188.9,163.7,202.9,206.3
2375,212.1,183.8,188.9,163.7,202.9
2376,285.0,212.1,183.8,188.9,163.7
2377,232.1,285.0,212.1,183.8,188.9
2378,223.5,232.1,285.0,212.1,183.8
2379,267.4,223.5,232.1,285.0,212.1
2380,239.9,267.4,223.5,232.1,285.0
2381,231.7,239.9,267.4,223.5,232.1
2382,181.3,231.7,239.9,267.4,223.5
2383,164.9,181.3,231.7,239.9,267.4
2384,153.6,164.9,181.3,231.7,239.9
2385,122.0,153.6,164.9,181.3,231.7
2386,134.3,122.0,153.6,164.9,181.3
2387,268.5,134.3,122.0,153.6,164.9
2388,246.4,268.5,134.3,122.0,153.6
2389,237.5,246.4,268.5,134.3,122.0
2390,201.4,237.5,246.4,268.5,134.3
2391,223.7,201.4,237.5,246.4,268.5
2392,202.9,223.7,201.4,237.5,246.4
2393,192.9,202.9,223.7,201.4,237.5
2394,135.6,192.9,202.9,223.7,201.4
2395,195.3,135.6,192.9,202.9,223.7
2396,168.6,195.3,135.6,192.9,202.9
2397,258.0,168.6,195.3,135.6,192.9
2398,223.0,258.0,168.6,195.3,135.6
2399,208.1,223.0,258.0,168.6,195.3
2400,150.4,208.1,223.0,258.0,168.6
2401,172.4,150.4,208.1,223.0,258.0
2402,178.3,172.4,150.4,208.1,223.0
2403,175.3,178.3,172.4,150.4,208.1
2404,205.8,175.3,178.3,172.4,150.4
2405,186.3,205.8,175.3,178.3,172.4
2406,203.2,186.3,205.8,175.3,178.3
2407,166.6,203.2,186.3,205.8,175.3
2408,143.9,166.6,203.2,186.3,205.8
2409,134.3,143.9,166.6,203.2,186.3
2410,155.4,134.3,143.9,166.6,203.2
2411,160.6,155.4,134.3,143.9,166.6
2412,150.5,160.6,155.4,134.3,143.9
2413,118.3,150.5,160.6,155.4,134.3
2414,128.9,118.3,150.5,160.6,155.4
2415,120.6,128.9,118.3,150.5,160.6
2416,72.7,120.6,128.9,118.3,150.5
2417,87.0,72.7,120.6,128.9,118.3
2418,77.7,87.0,72.7,120.6,128.9
2419,76.7,77.7,87.0,72.7,120.6
2420,85.0,76.7,77.7,87.0,72.7
2421,84.8,85.0,76.7,77.7,87.0
2422,79.3,84.8,85.0,76.7,77.7
2423,131.7,79.3,84.8,85.0,76.7
2424,153.7,131.7,79.3,84.8,85.0
2425,142.4,153.7,131.7,79.3,84.8
2426,87.2,142.4,153.7,131.7,79.3
2427,86.5,87.2,142.4,153.7,131.7
2428,117.7,86.5,87.2,142.4,153.7
2429,73.3,117.7,86.5,87.2,142.4
2430,74.2,73.3,117.7,86.5,87.2
2431,65.0,74.2,73.3,117.7,86.5
2432,57.9,65.0,74.2,73.3,117.7
2433,32.4,57.9,65.0,74.2,73.3
2434,31.5,32.4,57.9,65.0,74.2
2435,41.7,31.5,32.4,57.9,65.0
2436,33.6,41.7,31.5,32.4,57.9
2437,52.0,33.6,41.7,31.5,32.4
2438,56.1,52.0,33.6,41.7,31.5
2439,77.8,56.1,52.0,33.6,41.7
2440,40.4,77.8,56.1,52.0,33.6
2441,34.2,40.4,77.8,56.1,52.0
2442,31.8,34.2,40.4,77.8,56.1
2443,48.9,31.8,34.2,40.4,77.8
2444,37.9,48.9,31.8,34.2,40.4
2445,5.9,37.9,48.9,31.8,34.2
2446,14.7,5.9,37.9,48.9,31.8
2447,39.6,14.7,5.9,37.9,48.9
2448,18.3,39.6,14.7,5.9,37.9
2449,31.5,18.3,39.6,14.7,5.9
2450,12.7,31.5,18.3,39.6,14.7
2451,33.6,12.7,31.5,18.3,39.6
2452,28.0,33.6,12.7,31.5,18.3
2453,12.3,28.0,33.6,12.7,31.5
2454,2.5,12.3,28.0,33.6,12.7
2455,3.9,2.5,12.3,28.0,33.6
2456,0.4,3.9,2.5,12.3,28.0
2457,0.8,0.4,3.9,2.5,12.3
2458,15.8,0.8,0.4,3.9,2.5
2459,2.7,15.8,0.8,0.4,3.9
2460,1.2,2.7,15.8,0.8,0.4
2461,0.4,1.2,2.7,15.8,0.8
2462,7.3,0.4,1.2,2.7,15.8
2463,12.6,7.3,0.4,1.2,2.7
2464,2.3,12.6,7.3,0.4,1.2
2465,10.5,2.3,12.6,7.3,0.4
2466,13.4,10.5,2.3,12.6,7.3
2467,11.3,13.4,10.5,2.3,12.6
2468,33.4,11.3,13.4,10.5,2.3
2469,29.9,33.4,11.3,13.4,10.5
2470,7.3,29.9,33.4,11.3,13.4
2471,16.4,7.3,29.9,33.4,11.3
2472,41.3,16.4,7.3,29.9,33.4
2473,45.2,41.3,16.4,7.3,29.9
2474,38.2,45.2,41.3,16.4,7.3
2475,58.0,38.2,45.2,41.3,16.4
2476,60.8,58.0,38.2,45.2,41.3
2477,83.0,60.8,58.0,38.2,45.2
2478,126.3,83.0,60.8,58.0,38.2
2479,108.8,126.3,83.0,60.8,58.0
2480,104.1,108.8,126.3,83.0,60.8
2481,175.6,104.1,108.8,126.3,83.0
2482,167.7,175.6,104.1,108.8,126.3
2483,156.7,167.7,175.6,104.1,108.8
2484,193.4,156.7,167.7,175.6,104.1
2485,165.1,193.4,156.7,167.7,175.6
2486,182.7,165.1,193.4,156.7,167.7
2487,240.2,182.7,165.1,193.4,156.7
2488,245.4,240.2,182.7,165.1,193.4
2489,219.9,245.4,240.2,182.7,165.1
2490,285.0,219.9,245.4,240.2,182.7
2491,272.0,285.0,219.9,245.4,240.2
2492,233.7,272.0,285.0,219.9,245.4
2493,184.5,233.7,272.0,285.0,219.9
2494,222.8,184.5,233.7,272.0,285.0
2495,248.0,222.8,184.5,233.7,272.0
2496,233.0,248.0,222.8,184.5,233.7
2497,284.3,233.0,248.0,222.8,184.5
2498,265.1,284.3,233.0,248.0,222.8
2499,223.7,265.1,284.3,233.0,248.0
2500,334.0,223.7,265.1,284.3,233.0
2501,359.4,334.0,223.7,265.1,284.3
2502,298.6,359.4,334.0,223.7,265.1
2503,339.0,298.6,359.4,334.0,223.7
2504,286.7,339.0,298.6,359.4,334.0
2505,233.6,286.7,339.0,298.6,359.4
2506,270.0,233.6,286.7,339.0,298.6
2507,277.6,270.0,233.6,286.7,339.0
2508,248.2,277.6,270.0,233.6,286.7
2509,242.9,248.2,277.6,270.0,233.6
2510,271.0,242.9,248.2,277.6,270.0
2511,283.5,271.0,242.9,248.2,277.6
2512,285.1,283.5,271.0,242.9,248.2
2513,256.9,285.1,283.5,271.0,242.9
2514,215.6,256.9,285.1,283.5,271.0
2515,265.7,215.6,256.9,285.1,283.5
2516,307.7,265.7,215.6,256.9,285.1
2517,202.6,307.7,265.7,215.6,256.9
2518,263.0,202.6,307.7,265.7,215.6
2519,231.3,263.0,202.6,307.7,265.7
2520,243.6,231.3,263.0,202.6,307.7
2521,238.9,243.6,231.3,263.0,202.6
2522,211.9,238.9,243.6,231.3,263.0
2523,282.6,211.9,238.9,243.6,231.3
2524,205.6,282.6,211.9,238.9,243.6
2525,157.7,205.6,282.6,211.9,238.9
2526,175.6,157.7,205.6,282.6,211.9
2527,177.1,175.6,157.7,205.6,282.6
2528,207.2,177.1,175.6,157.7,205.6
2529,149.9,207.2,177.1,175.6,157.7
2530,144.6,149.9,207.2,177.1,175.6
2531,172.7,144.6,149.9,207.2,177.1
2532,169.3,172.7,144.6,149.9,207.2
2533,156.0,169.3,172.7,144.6,149.9
2534,172.4,156.0,169.3,172.7,144.6
2535,190.0,172.4,156.0,169.3,172.7
2536,180.1,190.0,172.4,156.0,169.3
2537,117.3,180.1,190.0,172.4,156.0
2538,126.9,117.3,180.1,190.0,172.4
2539,121.2,126.9,117.3,180.1,190.0
2540,82.1,121.2,126.9,117.3,180.1
2541,65.4,82.1,121.2,126.9,117.3
2542,75.2,65.4,82.1,121.2,126.9
2543,86.9,75.2,65.4,82.1,121.2
2544,72.3,86.9,75.2,65.4,82.1
2545,109.5,72.3,86.9,75.2,65.4
2546,99.3,109.5,72.3,86.9,75.2
2547,79.2,99.3,109.5,72.3,86.9
2548,90.1,79.2,99.3,109.5,72.3
2549,53.7,90.1,79.2,99.3,109.5
2550,46.5,53.7,90.1,79.2,99.3
2551,56.9,46.5,53.7,90.1,79.2
2552,55.1,56.9,46.5,53.7,90.1
2553,71.7,55.1,56.9,46.5,53.7
2554,64.9,71.7,55.1,56.9,46.5
2555,65.9,64.9,71.7,55.1,56.9
2556,61.9,65.9,64.9,71.7,55.1
2557,59.6,61.9,65.9,64.9,71.7
2558,31.4,59.6,61.9,65.9,64.9
2559,31.5,31.4,59.6,61.9,65.9
2560,72.7,31.5,31.4,59.6,61.9
2561,56.1,72.7,31.5,31.4,59.6
2562,38.8,56.1,72.7,31.5,31.4
2563,33.2,38.8,56.1,72.7,31.5
2564,28.7,33.2,38.8,56.1,72.7
2565,35.2,28.7,33.2,38.8,56.1
2566,24.8,35.2,28.7,33.2,38.8
2567,41.7,24.8,35.2,28.7,33.2
2568,61.1,41.7,24.8,35.2,28.7
2569,51.2,61.1,41.7,24.8,35.2
2570,28.7,51.2,61.1,41.7,24.8
2571,47.5,28.7,51.2,61.1,41.7
2572,55.2,47.5,28.7,51.2,61.1
2573,50.1,55.2,47.5,28.7,51.2
2574,33.7,50.1,55.2,47.5,28.7
2575,21.6,33.7,50.1,55.2,47.5
2576,22.6,21.6,33.7,50.1,55.2
2577,25.3,22.6,21.6,33.7,50.1
2578,24.1,25.3,22.6,21.6,33.7
2579,12.9,24.1,25.3,22.6,21.6
2580,14.3,12.9,24.1,25.3,22.6
2581,13.5,14.3,12.9,24.1,25.3
2582,4.8,13.5,14.3,12.9,24.1
2583,13.8,4.8,13.5,14.3,12.9
2584,7.0,13.8,4.8,13.5,14.3
2585,9.2,7.0,13.8,4.8,13.5
2586,11.1,9.2,7.0,13.8,4.8
2587,22.1,11.1,9.2,7.0,13.8
2588,25.4,22.1,11.1,9.2,7.0
2589,20.8,25.4,22.1,11.1,9.2
2590,17.5,20.8,25.4,22.1,11.1
2591,10.2,17.5,20.8,25.4,22.1
2592,34.5,10.2,17.5,20.8,25.4
2593,23.3,34.5,10.2,17.5,20.8
2594,17.3,23.3,34.5,10.2,17.5
2595,13.3,17.3,23.3,34.5,10.2
2596,24.5,13.3,17.3,23.3,34.5
2597,29.1,24.5,13.3,17.3,23.3
2598,22.8,29.1,24.5,13.3,17.3
2599,24.7,22.8,29.1,24.5,13.3
2600,40.3,24.7,22.8,29.1,24.5
2601,35.3,40.3,24.7,22.8,29.1
2602,36.4,35.3,40.3,24.7,22.8
2603,69.0,36.4,35.3,40.3,24.7
2604,64.2,69.0,36.4,35.3,40.3
2605,67.7,64.2,69.0,36.4,35.3
2606,80.2,67.7,64.2,69.0,36.4
2607,72.6,80.2,67.7,64.2,69.0
2608,71.1,72.6,80.2,67.7,64.2
2609,81.2,71.1,72.6,80.2,67.7
2610,81.0,81.2,71.1,72.6,80.2
2611,99.8,81.0,81.2,71.1,72.6
2612,157.0,99.8,81.0,81.2,71.1
2613,132.6,157.0,99.8,81.0,81.2
2614,158.3,132.6,157.0,99.8,81.0
2615,98.4,158.3,132.6,157.0,99.8
2616,122.5,98.4,158.3,132.6,157.0
2617,95.4,122.5,98.4,158.3,132.6
2618,129.5,95.4,122.5,98.4,158.3
2619,151.8,129.5,95.4,122.5,98.4
2620,108.7,151.8,129.5,95.4,122.5
2621,125.0,108.7,151.8,129.5,95.4
2622,133.6,125.0,108.7,151.8,129.5
2623,179.0,133.6,125.0,108.7,151.8
2624,172.5,179.0,133.6,125.0,108.7
2625,158.5,172.5,179.0,133.6,125.0
2626,130.5,158.5,172.5,179.0,133.6
2627,115.0,130.5,158.5,172.5,179.0
2628,180.0,115.0,130.5,158.5,172.5
2629,156.2,180.0,115.0,130.5,158.5
2630,136.2,156.2,180.0,115.0,130.5
2631,154.8,136.2,156.2,180.0,115.0
2632,166.0,154.8,136.2,156.2,180.0
2633,152.5,166.0,154.8,136.2,156.2
2634,121.7,152.5,166.0,154.8,136.2
2635,155.5,121.7,152.5,166.0,154.8
2636,147.8,155.5,121.7,152.5,166.0
2637,170.5,147.8,155.5,121.7,152.5
2638,192.3,170.5,147.8,155.5,121.7
2639,151.1,192.3,170.5,147.8,155.5
2640,169.9,151.1,192.3,170.5,147.8
2641,150.1,169.9,151.1,192.3,170.5
2642,137.1,150.1,169.9,151.1,192.3
2643,138.8,137.1,150.1,169.9,151.1
2644,129.3,138.8,137.1,150.1,169.9
2645,135.4,129.3,138.8,137.1,150.1
2646,132.4,135.4,129.3,138.8,137.1
2647,138.6,132.4,135.4,129.3,138.8
2648,157.9,138.6,132.4,135.4,129.3
2649,180.8,157.9,138.6,132.4,135.4
2650,145.7,180.8,157.9,138.6,132.4
2651,155.1,145.7,180.8,157.9,138.6
2652,180.5,155.1,145.7,180.8,157.9
2653,151.3,180.5,155.1,145.7,180.8
2654,159.3,151.3,180.5,155.1,145.7
2655,131.7,159.3,151.3,180.5,155.1
2656,140.8,131.7,159.3,151.3,180.5
2657,122.6,140.8,131.7,159.3,151.3
2658,134.8,122.6,140.8,131.7,159.3
2659,118.2,134.8,122.6,140.8,131.7
2660,129.2,118.2,134.8,122.6,140.8
2661,111.8,129.2,118.2,134.8,122.6
2662,85.9,111.8,129.2,118.2,134.8
2663,101.6,85.9,111.8,129.2,118.2
2664,81.5,101.6,85.9,111.8,129.2
2665,70.7,81.5,101.6,85.9,111.8
2666,114.7,70.7,81.5,101.6,85.9
2667,87.0,114.7,70.7,81.5,101.6
2668,71.3,87.0,114.7,70.7,81.5
2669,73.4,71.3,87.0,114.7,70.7
2670,89.5,73.4,71.3,87.0,114.7
2671,116.5,89.5,73.4,71.3,87.0
2672,87.0,116.5,89.5,73.4,71.3
2673,125.3,87.0,116.5,89.5,73.4
2674,113.5,125.3,87.0,116.5,89.5
2675,89.6,113.5,125.3,87.0,116.5
2676,113.9,89.6,113.5,125.3,87.0
2677,124.7,113.9,89.6,113.5,125.3
2678,108.3,124.7,113.9,89.6,113.5
2679,108.9,108.3,124.7,113.9,89.6
2680,90.7,108.9,108.3,124.7,113.9
2681,86.9,90.7,108.9,108.3,124.7
2682,59.2,86.9,90.7,108.9,108.3
2683,64.3,59.2,86.9,90.7,108.9
2684,61.8,64.3,59.2,86.9,90.7
2685,60.9,61.8,64.3,59.2,86.9
2686,65.4,60.9,61.8,64.3,59.2
2687,81.8,65.4,60.9,61.8,64.3
2688,60.3,81.8,65.4,60.9,61.8
2689,56.1,60.3,81.8,65.4,60.9
2690,33.2,56.1,60.3,81.8,65.4
2691,36.6,33.2,56.1,60.3,81.8
2692,84.1,36.6,33.2,56.1,60.3
2693,43.7,84.1,36.6,33.2,56.1
2694,34.3,43.7,84.1,36.6,33.2
2695,33.3,34.3,43.7,84.1,36.6
2696,39.4,33.3,34.3,43.7,84.1
2697,37.3,39.4,33.3,34.3,43.7
2698,30.9,37.3,39.4,33.3,34.3
2699,57.5,30.9,37.3,39.4,33.3
2700,56.3,57.5,30.9,37.3,39.4
2701,51.5,56.3,57.5,30.9,37.3
2702,79.1,51.5,56.3,57.5,30.9
2703,47.9,79.1,51.5,56.3,57.5
2704,57.2,47.9,79.1,51.5,56.3
2705,67.2,57.2,47.9,79.1,51.5
2706,35.9,67.2,57.2,47.9,79.1
2707,29.6,35.9,67.2,57.2,47.9
2708,27.3,29.6,35.9,67.2,57.2
2709,16.7,27.3,29.6,35.9,67.2
2710,16.9,16.7,27.3,29.6,35.9
2711,7.7,16.9,16.7,27.3,29.6
2712,13.1,7.7,16.9,16.7,27.3
2713,16.7,13.1,7.7,16.9,16.7
2714,40.4,16.7,13.1,7.7,16.9
2715,56.7,40.4,16.7,13.1,7.7
2716,20.3,56.7,40.4,16.7,13.1
2717,13.6,20.3,56.7,40.4,16.7
2718,27.9,13.6,20.3,56.7,40.4
2719,11.6,27.9,13.6,20.3,56.7
2720,11.9,11.6,27.9,13.6,20.3
2721,6.4,11.9,11.6,27.9,13.6
2722,31.5,6.4,11.9,11.6,27.9
2723,27.3,31.5,6.4,11.9,11.6
2724,18.2,27.3,31.5,6.4,11.9
2725,17.9,18.2,27.3,31.5,6.4
2726,2.9,17.9,18.2,27.3,31.5
2727,24.1,2.9,17.9,18.2,27.3
2728,20.0,24.1,2.9,17.9,18.2
2729,29.7,20.0,24.1,2.9,17.9
2730,7.9,29.7,20.0,24.1,2.9
2731,22.3,7.9,29.7,20.0,24.1
2732,23.8,22.3,7.9,29.7,20.0
2733,33.3,23.8,22.3,7.9,29.7
2734,13.0,33.3,23.8,22.3,7.9
2735,19.0,13.0,33.3,23.8,22.3
2736,27.0,19.0,13.0,33.3,23.8
2737,54.9,27.0,19.0,13.0,33.3
2738,30.6,54.9,27.0,19.0,13.0
2739,43.0,30.6,54.9,27.0,19.0
2740,62.4,43.0,30.6,54.9,27.0
2741,62.1,62.4,43.0,30.6,54.9
2742,41.6,62.1,62.4,43.0,30.6
2743,61.4,41.6,62.1,62.4,43.0
2744,73.7,61.4,41.6,62.1,62.4
2745,132.6,73.7,61.4,41.6,62.1
2746,108.4,132.6,73.7,61.4,41.6
2747,141.2,108.4,132.6,73.7,61.4
2748,117.1,141.2,108.4,132.6,73.7
2749,134.6,117.1,141.2,108.4,132.6
2750,99.7,134.6,117.1,141.2,108.4
2751,82.4,99.7,134.6,117.1,141.2
2752,195.7,82.4,99.7,134.6,117.1
2753,177.1,195.7,82.4,99.7,134.6
2754,138.5,177.1,195.7,82.4,99.7
2755,173.9,138.5,177.1,195.7,82.4
2756,235.9,173.9,138.5,177.1,195.7
2757,194.7,235.9,173.9,138.5,177.1
2758,195.3,194.7,235.9,173.9,138.5
2759,143.7,195.3,194.7,235.9,173.9
2760,190.3,143.7,195.3,194.7,235.9
2761,211.7,190.3,143.7,195.3,194.7
2762,225.7,211.7,190.3,143.7,195.3
2763,201.4,225.7,211.7,190.3,143.7
2764,266.9,201.4,225.7,211.7,190.3
2765,263.6,266.9,201.4,225.7,211.7
2766,259.5,263.6,266.9,201.4,225.7
2767,249.6,259.5,263.6,266.9,201.4
2768,226.1,249.6,259.5,263.6,266.9
2769,219.4,226.1,249.6,259.5,263.6
2770,178.7,219.4,226.1,249.6,259.5
2771,232.2,178.7,219.4,226.1,249.6
2772,254.7,232.2,178.7,219.4,226.1
2773,222.7,254.7,232.2,178.7,219.4
2774,192.9,222.7,254.7,232.2,178.7
2775,191.7,192.9,222.7,254.7,232.2
2776,219.6,191.7,192.9,222.7,254.7
2777,233.3,219.6,191.7,192.9,222.7
2778,209.5,233.3,219.6,191.7,192.9
2779,246.9,209.5,233.3,219.6,191.7
2780,156.6,246.9,209.5,233.3,219.6
2781,189.9,156.6,246.9,209.5,233.3
2782,196.6,189.9,156.6,246.9,209.5
2783,225.3,196.6,189.9,156.6,246.9
2784,194.7,225.3,196.6,189.9,156.6
2785,131.6,194.7,225.3,196.6,189.9
2786,205.3,131.6,194.7,225.3,196.6
2787,242.5,205.3,131.6,194.7,225.3
2788,245.3,242.5,205.3,131.6,194.7
2789,216.2,245.3,242.5,205.3,131.6
2790,186.0,216.2,245.3,242.5,205.3
2791,195.4,186.0,216.2,245.3,242.5
2792,149.8,195.4,186.0,216.2,245.3
2793,230.9,149.8,195.4,186.0,216.2
2794,221.1,230.9,149.8,195.4,186.0
2795,170.3,221.1,230.9,149.8,195.4
2796,119.3,170.3,221.1,230.9,149.8
2797,163.7,119.3,170.3,221.1,230.9
2798,139.4,163.7,119.3,170.3,221.1
2799,161.9,139.4,163.7,119.3,170.3
2800,167.4,161.9,139.4,163.7,119.3
2801,134.3,167.4,161.9,139.4,163.7
2802,127.5,134.3,167.4,161.9,139.4
2803,169.0,127.5,134.3,167.4,161.9
2804,115.5,169.0,127.5,134.3,167.4
2805,73.1,115.5,169.0,127.5,134.3
2806,88.7,73.1,115.5,169.0,127.5
2807,109.6,88.7,73.1,115.5,169.0
2808,132.5,109.6,88.7,73.1,115.5
2809,131.5,132.5,109.6,88.7,73.1
2810,108.9,131.5,132.5,109.6,88.7
2811,96.0,108.9,131.5,132.5,109.6
2812,69.9,96.0,108.9,131.5,132.5
2813,72.5,69.9,96.0,108.9,131.5
2814,45.7,72.5,69.9,96.0,108.9
2815,45.6,45.7,72.5,69.9,96.0
2816,74.8,45.6,45.7,72.5,69.9
2817,110.2,74.8,45.6,45.7,72.5
2818,116.7,110.2,74.8,45.6,45.7
2819,90.4,116.7,110.2,74.8,45.6
2820,96.9,90.4,116.7,110.2,74.8
2821,65.1,96.9,90.4,116.7,110.2
2822,55.7,65.1,96.9,90.4,116.7
2823,35.0,55.7,65.1,96.9,90.4
2824,22.6,35.0,55.7,65.1,96.9
2825,12.6,22.6,35.0,55.7,65.1
2826,26.5,12.6,22.6,35.0,55.7
2827,21.4,26.5,12.6,22.6,35.0
2828,17.8,21.4,26.5,12.6,22.6
2829,20.7,17.8,21.4,26.5,12.6
2830,16.9,20.7,17.8,21.4,26.5
2831,20.4,16.9,20.7,17.8,21.4
2832,32.4,20.4,16.9,20.7,17.8
2833,28.3,32.4,20.4,16.9,20.7
2834,39.9,28.3,32.4,20.4,16.9
2835,10.1,39.9,28.3,32.4,20.4
2836,4.3,10.1,39.9,28.3,32.4
2837,22.0,4.3,10.1,39.9,28.3
2838,17.9,22.0,4.3,10.1,39.9
2839,15.8,17.9,22.0,4.3,10.1
2840,2.8,15.8,17.9,22.0,4.3
2841,27.9,2.8,15.8,17.9,22.0
2842,13.8,27.9,2.8,15.8,17.9
2843,22.4,13.8,27.9,2.8,15.8
2844,16.1,22.4,13.8,27.9,2.8
2845,0.6,16.1,22.4,13.8,27.9
2846,18.1,0.6,16.1,22.4,13.8
2847,9.9,18.1,0.6,16.1,22.4
2848,5.1,9.9,18.1,0.6,16.1
2849,40.1,5.1,9.9,18.1,0.6
2850,15.4,40.1,5.1,9.9,18.1
2851,5.8,15.4,40.1,5.1,9.9
2852,9.8,5.8,15.4,40.1,5.1
2853,3.4,9.8,5.8,15.4,40.1
2854,17.4,3.4,9.8,5.8,15.4
2855,46.0,17.4,3.4,9.8,5.8
2856,39.1,46.0,17.4,3.4,9.8
2857,18.8,39.1,46.0,17.4,3.4
2858,38.2,18.8,39.1,46.0,17.4
2859,47.9,38.2,18.8,39.1,46.0
2860,42.2,47.9,38.2,18.8,39.1
2861,63.4,42.2,47.9,38.2,18.8
2862,48.8,63.4,42.2,47.9,38.2
2863,29.1,48.8,63.4,42.2,47.9
2864,70.5,29.1,48.8,63.4,42.2
2865,45.4,70.5,29.1,48.8,63.4
2866,91.2,45.4,70.5,29.1,48.8
2867,108.8,91.2,45.4,70.5,29.1
2868,74.2,108.8,91.2,45.4,70.5
2869,124.3,74.2,108.8,91.2,45.4
2870,131.4,124.3,74.2,108.8,91.2
2871,139.4,131.4,124.3,74.2,108.8
2872,142.7,139.4,131.4,124.3,74.2
2873,156.5,142.7,139.4,131.4,124.3
2874,156.8,156.5,142.7,139.4,131.4
2875,231.2,156.8,156.5,142.7,139.4
2876,210.1,231.2,156.8,156.5,142.7
2877,208.7,210.1,231.2,156.8,156.5
2878,170.4,208.7,210.1,231.2,156.8
2879,166.3,170.4,208.7,210.1,231.2
2880,195.4,166.3,170.4,208.7,210.1
2881,284.5,195.4,166.3,170.4,208.7
2882,180.5,284.5,195.4,166.3,170.4
2883,232.0,180.5,284.5,195.4,166.3
2884,225.1,232.0,180.5,284.5,195.4
2885,212.2,225.1,232.0,180.5,284.5
2886,238.2,212.2,225.1,232.0,180.5
2887,211.4,238.2,212.2,225.1,232.0
2888,227.4,211.4,238.2,212.2,225.1
2889,171.8,227.4,211.4,238.2,212.2
2890,191.7,171.8,227.4,211.4,238.2
2891,189.7,191.7,171.8,227.4,211.4
2892,175.2,189.7,191.7,171.8,227.4
2893,153.3,175.2,189.7,191.7,171.8
2894,191.1,153.3,175.2,189.7,191.7
2895,252.1,191.1,153.3,175.2,189.7
2896,169.1,252.1,191.1,153.3,175.2
2897,199.4,169.1,252.1,191.1,153.3
2898,178.8,199.4,169.1,252.1,191.1
2899,197.1,178.8,199.4,169.1,252.1
2900,195.3,197.1,178.8,199.4,169.1
2901,240.3,195.3,197.1,178.8,199.4
2902,197.0,240.3,195.3,197.1,178.8
2903,197.6,197.0,240.3,195.3,197.1
2904,166.9,197.6,197.0,240.3,195.3
2905,224.7,166.9,197.6,197.0,240.3
2906,240.2,224.7,166.9,197.6,197.0
2907,240.8,240.2,224.7,166.9,197.6
2908,168.9,240.8,240.2,224.7,166.9
2909,197.1,168.9,240.8,240.2,224.7
2910,159.5,197.1,168.9,240.8,240.2
2911,212.6,159.5,197.1,168.9,240.8
2912,198.3,212.6,159.5,197.1,168.9
2913,230.7,198.3,212.6,159.5,197.1
2914,151.0,230.7,198.3,212.6,159.5
2915,142.2,151.0,230.7,198.3,212.6
2916,94.3,142.2,151.0,230.7,198.3
2917,98.5,94.3,142.2,151.0,230.7
2918,114.2,98.5,94.3,142.2,151.0
2919,91.9,114.2,98.5,94.3,142.2
2920,94.0,91.9,114.2,98.5,94.3
2921,133.4,94.0,91.9,114.2,98.5
2922,129.6,133.4,94.0,91.9,114.2
2923,122.0,129.6,133.4,94.0,91.9
2924,81.4,122.0,129.6,133.4,94.0
2925,127.8,81.4,122.0,129.6,133.4
2926,102.4,127.8,81.4,122.0,129.6
2927,94.4,102.4,127.8,81.4,122.0
2928,78.8,94.4,102.4,127.8,81.4
2929,69.6,78.8,94.4,102.4,127.8
2930,80.4,69.6,78.8,94.4,102.4
2931,62.5,80.4,69.6,78.8,94.4
2932,31.2,62.5,80.4,69.6,78.8
2933,71.1,31.2,62.5,80.4,69.6
2934,48.2,71.1,31.2,62.5,80.4
2935,68.4,48.2,71.1,31.2,62.5
2936,84.9,68.4,48.2,71.1,31.2
2937,54.9,84.9,68.4,48.2,71.1
2938,47.5,54.9,84.9,68.4,48.2
2939,27.4,47.5,54.9,84.9,68.4
2940,29.8,27.4,47.5,54.9,84.9
2941,39.7,29.8,27.4,47.5,54.9
2942,50.6,39.7,29.8,27.4,47.5
2943,34.3,50.6,39.7,29.8,27.4
2944,40.5,34.3,50.6,39.7,29.8
2945,67.1,40.5,34.3,50.6,39.7
2946,29.5,67.1,40.5,34.3,50.6
2947,32.2,29.5,67.1,40.5,34.3
2948,32.6,32.2,29.5,67.1,40.5
2949,45.8,32.6,32.2,29.5,67.1
2950,46.3,45.8,32.6,32.2,29.5
2951,21.6,46.3,45.8,32.6,32.2
2952,19.4,21.6,46.3,45.8,32.6
2953,22.5,19.4,21.6,46.3,45.8
2954,20.4,22.5,19.4,21.6,46.3
2955,18.2,20.4,22.5,19.4,21.6
2956,15.7,18.2,20.4,22.5,19.4
2957,30.6,15.7,18.2,20.4,22.5
2958,14.0,30.6,15.7,18.2,20.4
2959,14.9,14.0,30.6,15.7,18.2
2960,13.3,14.9,14.0,30.6,15.7
2961,7.7,13.3,14.9,14.0,30.6
2962,12.6,7.7,13.3,14.9,14.0
2963,6.8,12.6,7.7,13.3,14.9
2964,7.6,6.8,12.6,7.7,13.3
2965,16.5,7.6,6.8,12.6,7.7
2966,11.8,16.5,7.6,6.8,12.6
2967,19.7,11.8,16.5,7.6,6.8
2968,3.0,19.7,11.8,16.5,7.6
2969,0.7,3.0,19.7,11.8,16.5
2970,24.9,0.7,3.0,19.7,11.8
2971,14.0,24.9,0.7,3.0,19.7
2972,7.4,14.0,24.9,0.7,3.0
2973,11.0,7.4,14.0,24.9,0.7
2974,12.1,11.0,7.4,14.0,24.9
2975,23.0,12.1,11.0,7.4,14.0
2976,25.4,23.0,12.1,11.0,7.4
2977,20.8,25.4,23.0,12.1,11.0
2978,12.9,20.8,25.4,23.0,12.1
2979,35.7,12.9,20.8,25.4,23.0
2980,59.7,35.7,12.9,20.8,25.4
2981,32.8,59.7,35.7,12.9,20.8
2982,50.4,32.8,59.7,35.7,12.9
2983,55.5,50.4,32.8,59.7,35.7
2984,44.5,55.5,50.4,32.8,59.7
2985,50.2,44.5,55.5,50.4,32.8
2986,82.0,50.2,44.5,55.5,50.4
2987,70.6,82.0,50.2,44.5,55.5
2988,74.0,70.6,82.0,50.2,44.5
2989,90.5,74.0,70.6,82.0,50.2
2990,96.7,90.5,74.0,70.6,82.0
2991,121.1,96.7,90.5,74.0,70.6
2992,132.0,121.1,96.7,90.5,74.0
2993,78.5,132.0,121.1,96.7,90.5
2994,97.3,78.5,132.0,121.1,96.7
2995,119.2,97.3,78.5,132.0,121.1
2996,86.0,119.2,97.3,78.5,132.0
2997,98.0,86.0,119.2,97.3,78.5
2998,103.5,98.0,86.0,119.2,97.3
2999,93.6,103.5,98.0,86.0,119.2
3000,149.6,93.6,103.5,98.0,86.0
3001,207.2,149.6,93.6,103.5,98.0
3002,173.5,207.2,149.6,93.6,103.5
3003,142.3,173.5,207.2,149.6,93.6
3004,106.3,142.3,173.5,207.2,149.6
3005,168.7,106.3,142.3,173.5,207.2
3006,188.3,168.7,106.3,142.3,173.5
3007,116.8,188.3,168.7,106.3,142.3
3008,133.1,116.8,188.3,168.7,106.3
3009,165.7,133.1,116.8,188.3,168.7
3010,217.7,165.7,133.1,116.8,188.3
3011,191.5,217.7,165.7,133.1,116.8
3012,165.9,191.5,217.7,165.7,133.1
3013,188.0,165.9,191.5,217.7,165.7
3014,244.3,188.0,165.9,191.5,217.7
3015,180.5,244.3,188.0,165.9,191.5
3016,156.0,180.5,244.3,188.0,165.9
3017,141.6,156.0,180.5,244.3,188.0
3018,158.1,141.6,156.0,180.5,244.3
3019,143.3,158.1,141.6,156.0,180.5
3020,142.6,143.3,158.1,141.6,156.0
3021,121.5,142.6,143.3,158.1,141.6
3022,165.8,121.5,142.6,143.3,158.1
3023,161.7,165.8,121.5,142.6,143.3
3024,142.1,161.7,165.8,121.5,142.6
3025,202.9,142.1,161.7,165.8,121.5
3026,123.0,202.9,142.1,161.7,165.8
3027,161.5,123.0,202.9,142.1,161.7
3028,238.2,161.5,123.0,202.9,142.1
3029,194.1,238.2,161.5,123.0,202.9
3030,176.6,194.1,238.2,161.5,123.0
3031,213.4,176.6,194.1,238.2,161.5
3032,184.6,213.4,176.6,194.1,238.2
3033,170.2,184.6,213.4,176.6,194.1
3034,147.1,170.2,184.6,213.4,176.6
3035,186.9,147.1,170.2,184.6,213.4
3036,187.5,186.9,147.1,170.2,184.6
3037,128.8,187.5,186.9,147.1,170.2
3038,161.0,128.8,187.5,186.9,147.1
3039,175.6,161.0,128.8,187.5,186.9
3040,187.9,175.6,161.0,128.8,187.5
3041,151.2,187.9,175.6,161.0,128.8
3042,147.2,151.2,187.9,175.6,161.0
3043,135.3,147.2,151.2,187.9,175.6
3044,133.5,135.3,147.2,151.2,187.9
3045,75.7,133.5,135.3,147.2,151.2
3046,100.7,75.7,133.5,135.3,147.2
3047,97.9,100.7,75.7,133.5,135.3
3048,86.8,97.9,100.7,75.7,133.5
3049,118.7,86.8,97.9,100.7,75.7
3050,128.3,118.7,86.8,97.9,100.7
3051,115.4,128.3,118.7,86.8,97.9
3052,78.5,115.4,128.3,118.7,86.8
3053,97.8,78.5,115.4,128.3,118.7
3054,82.9,97.8,78.5,115.4,128.3
3055,72.2,82.9,97.8,78.5,115.4
3056,60.6,72.2,82.9,97.8,78.5
3057,74.6,60.6,72.2,82.9,97.8
3058,74.8,74.6,60.6,72.2,82.9
3059,59.2,74.8,74.6,60.6,72.2
3060,72.8,59.2,74.8,74.6,60.6
3061,66.5,72.8,59.2,74.8,74.6
3062,83.8,66.5,72.8,59.2,74.8
3063,69.7,83.8,66.5,72.8,59.2
3064,48.8,69.7,83.8,66.5,72.8
3065,74.2,48.8,69.7,83.8,66.5
3066,70.1,74.2,48.8,69.7,83.8
3067,28.9,70.1,74.2,48.8,69.7
3068,48.1,28.9,70.1,74.2,48.8
3069,43.5,48.1,28.9,70.1,74.2
3070,39.6,43.5,48.1,28.9,70.1
3071,38.7,39.6,43.5,48.1,28.9
3072,61.9,38.7,39.6,43.5,48.1
3073,56.8,61.9,38.7,39.6,43.5
3074,62.4,56.8,61.9,38.7,39.6
3075,60.5,62.4,56.8,61.9,38.7
3076,37.2,60.5,62.4,56.8,61.9
3077,13.2,37.2,60.5,62.4,56.8
3078,27.5,13.2,37.2,60.5,62.4
3079,59.3,27.5,13.2,37.2,60.5
3080,20.9,59.3,27.5,13.2,37.2
3081,5.7,20.9,59.3,27.5,13.2
3082,17.3,5.7,20.9,59.3,27.5
3083,50.3,17.3,5.7,20.9,59.3
3084,37.2,50.3,17.3,5.7,20.9
3085,24.5,37.2,50.3,17.3,5.7
3086,22.2,24.5,37.2,50.3,17.3
3087,20.8,22.2,24.5,37.2,50.3
3088,23.7,20.8,22.2,24.5,37.2
3089,14.9,23.7,20.8,22.2,24.5
3090,35.7,14.9,23.7,20.8,22.2
3091,22.3,35.7,14.9,23.7,20.8
3092,29.3,22.3,35.7,14.9,23.7
3093,18.4,29.3,22.3,35.7,14.9
3094,7.2,18.4,29.3,22.3,35.7
3095,5.4,7.2,18.4,29.3,22.3
3096,19.5,5.4,7.2,18.4,29.3
3097,21.3,19.5,5.4,7.2,18.4
3098,15.1,21.3,19.5,5.4,7.2
3099,9.8,15.1,21.3,19.5,5.4
3100,4.0,9.8,15.1,21.3,19.5
3101,1.5,4.0,9.8,15.1,21.3
3102,2.8,1.5,4.0,9.8,15.1
3103,17.3,2.8,1.5,4.0,9.8
3104,4.1,17.3,2.8,1.5,4.0
3105,2.9,4.1,17.3,2.8,1.5
3106,15.5,2.9,4.1,17.3,2.8
3107,3.6,15.5,2.9,4.1,17.3
3108,4.6,3.6,15.5,2.9,4.1
3109,5.2,4.6,3.6,15.5,2.9
3110,0.6,5.2,4.6,3.6,15.5
3111,0.3,0.6,5.2,4.6,3.6
3112,1.2,0.3,0.6,5.2,4.6
3113,4.2,1.2,0.3,0.6,5.2
3114,6.6,4.2,1.2,0.3,0.6
3115,1.0,6.6,4.2,1.2,0.3
3116,1.3,1.0,6.6,4.2,1.2
3117,1.2,1.3,1.0,6.6,4.2
3118,0.6,1.2,1.3,1.0,6.6
3119,1.2,0.6,1.2,1.3,1.0
3120,2.9,1.2,0.6,1.2,1.3
3121,6.3,2.9,1.2,0.6,1.2
3122,5.5,6.3,2.9,1.2,0.6
3123,0.0,5.5,6.3,2.9,1.2
3124,7.1,0.0,5.5,6.3,2.9
3125,7.7,7.1,0.0,5.5,6.3
3126,6.9,7.7,7.1,0.0,5.5
3127,16.3,6.9,7.7,7.1,0.0
3128,19.5,16.3,6.9,7.7,7.1
3129,28.5,19.5,16.3,6.9,7.7
3130,24.0,28.5,19.5,16.3,6.9
3131,10.4,24.0,28.5,19.5,16.3
3132,13.9,10.4,24.0,28.5,19.5
3133,18.8,13.9,10.4,24.0,28.5
3134,25.2,18.8,13.9,10.4,24.0
3135,29.6,25.2,18.8,13.9,10.4
3136,36.4,29.6,25.2,18.8,13.9
3137,33.6,36.4,29.6,25.2,18.8
3138,34.4,33.6,36.4,29.6,25.2
3139,24.5,34.4,33.6,36.4,29.6
3140,27.3,24.5,34.4,33.6,36.4
3141,48.3,27.3,24.5,34.4,33.6
3142,78.6,48.3,27.3,24.5,34.4
3143,76.1,78.6,48.3,27.3,24.5
3144,58.2,76.1,78.6,48.3,27.3
3145,56.1,58.2,76.1,78.6,48.3
3146,64.5,56.1,58.2,76.1,78.6
3147,65.8,64.5,56.1,58.2,76.1
3148,120.1,65.8,64.5,56.1,58.2
3149,125.7,120.1,65.8,64.5,56.1
3150,139.1,125.7,120.1,65.8,64.5
3151,109.3,139.1,125.7,120.1,65.8
3152,94.4,109.3,139.1,125.7,120.1
3153,47.8,94.4,109.3,139.1,125.7
3154,86.6,47.8,94.4,109.3,139.1
3155,85.9,86.6,47.8,94.4,109.3
3156,96.5,85.9,86.6,47.8,94.4
3157,92.0,96.5,85.9,86.6,47.8
3158,100.1,92.0,96.5,85.9,86.6
3159,94.8,100.1,92.0,96.5,85.9
3160,93.7,94.8,100.1,92.0,96.5
3161,76.5,93.7,94.8,100.1,92.0
3162,87.6,76.5,93.7,94.8,100.1
3163,56.8,87.6,76.5,93.7,94.8
3164,96.1,56.8,87.6,76.5,93.7
3165,60.9,96.1,56.8,87.6,76.5
3166,78.3,60.9,96.1,56.8,87.6
3167,107.3,78.3,60.9,96.1,56.8
3168,120.2,107.3,78.3,60.9,96.1
3169,76.7,120.2,107.3,78.3,60.9
3170,86.2,76.7,120.2,107.3,78.3
3171,91.8,86.2,76.7,120.2,107.3
3172,54.5,91.8,86.2,76.7,120.2
3173,114.4,54.5,91.8,86.2,76.7
3174,113.9,114.4,54.5,91.8,86.2
3175,124.2,113.9,114.4,54.5,91.8
3176,117.0,124.2,113.9,114.4,54.5
3177,146.1,117.0,124.2,113.9,114.4
3178,128.7,146.1,117.0,124.2,113.9
3179,112.5,128.7,146.1,117.0,124.2
3180,112.5,112.5,128.7,146.1,117.0
3181,102.9,112.5,112.5,128.7,146.1
3182,100.2,102.9,112.5,112.5,128.7
3183,106.9,100.2,102.9,112.5,112.5
3184,130.0,106.9,100.2,102.9,112.5
3185,90.0,130.0,106.9,100.2,102.9
3186,103.6,90.0,130.0,106.9,100.2
3187,112.9,103.6,90.0,130.0,106.9
3188,93.0,112.9,103.6,90.0,130.0
3189,66.7,93.0,112.9,103.6,90.0
3190,54.5,66.7,93.0,112.9,103.6
3191,75.3,54.5,66.7,93.0,112.9
3192,88.8,75.3,54.5,66.7,93.0
3193,66.5,88.8,75.3,54.5,66.7
3194,65.8,66.5,88.8,75.3,54.5
3195,64.4,65.8,66.5,88.8,75.3
3196,78.6,64.4,65.8,66.5,88.8
3197,63.6,78.6,64.4,65.8,66.5
3198,62.2,63.6,78.6,64.4,65.8
3199,58.0,62.2,63.6,78.6,64.4
3200,57.0,58.0,62.2,63.6,78.6
3201,56.4,57.0,58.0,62.2,63.6
3202,54.1,56.4,57.0,58.0,62.2
3203,37.9,54.1,56.4,57.0,58.0
3204,51.5,37.9,54.1,56.4,57.0
